"month","gender","type","n","pp","npp"
2010-10-01,"U","Over 60 Concession",332500,15100,22.0198675496689
2010-10-01,"M","Over 60 Concession",1775890,81924,21.6772862653191
2010-10-01,"F","Disabled Concession",172554,6621,26.0616221114635
2010-10-01,"U","Disabled Concession",2665,105,25.3809523809524
2010-10-01,"C","Over 60 Concession",22194,1200,18.495
2010-10-01,"M","Disabled Concession",234065,6981,33.5288640595903
2010-10-01,"F","Over 60 Concession",2376918,122593,19.388692665976
2010-10-01,"C","Disabled Concession",227,10,22.7
2010-11-01,"F","Disabled Concession",170026,6715,25.3203276247208
2010-11-01,"U","Disabled Concession",2724,106,25.6981132075472
2010-11-01,"M","Over 60 Concession",1757617,83749,20.9867222295192
2010-11-01,"C","Disabled Concession",235,14,16.7857142857143
2010-11-01,"U","Over 60 Concession",327222,15265,21.4360956436292
2010-11-01,"C","Over 60 Concession",21286,1229,17.319772172498
2010-11-01,"F","Over 60 Concession",2360520,124404,18.9746310408025
2010-11-01,"M","Disabled Concession",236091,7084,33.3273574251835
2010-12-01,"U","Disabled Concession",2248,107,21.0093457943925
2010-12-01,"M","Disabled Concession",198371,7078,28.026419892625
2010-12-01,"C","Over 60 Concession",17995,1268,14.1916403785489
2010-12-01,"F","Over 60 Concession",1808194,120923,14.953267781977
2010-12-01,"C","Disabled Concession",167,12,13.9166666666667
2010-12-01,"F","Disabled Concession",136147,6617,20.5753362551005
2010-12-01,"U","Over 60 Concession",258046,14730,17.5183978275628
2010-12-01,"M","Over 60 Concession",1525344,84954,17.9549403206441
2011-01-01,"M","Disabled Concession",226473,7350,30.8126530612245
2011-01-01,"M","Over 60 Concession",1603216,81617,19.643162576424
2011-01-01,"C","Over 60 Concession",19388,1181,16.4165961049958
2011-01-01,"U","Disabled Concession",2423,112,21.6339285714286
2011-01-01,"F","Disabled Concession",163292,6909,23.6346794036764
2011-01-01,"U","Over 60 Concession",290582,14655,19.8281815080177
2011-01-01,"C","Disabled Concession",250,17,14.7058823529412
2011-01-01,"F","Over 60 Concession",2075659,119454,17.3762201349473
2011-02-01,"C","Over 60 Concession",19378,1184,16.3665540540541
2011-02-01,"U","Disabled Concession",2596,107,24.2616822429907
2011-02-01,"U","Over 60 Concession",290746,14575,19.9482675814751
2011-02-01,"F","Over 60 Concession",2082187,119581,17.4123564780358
2011-02-01,"M","Disabled Concession",233870,7548,30.9843667196608
2011-02-01,"M","Over 60 Concession",1598555,81448,19.6266943325803
2011-02-01,"F","Disabled Concession",169215,7244,23.3593318608504
2011-02-01,"C","Disabled Concession",244,13,18.7692307692308
2011-03-01,"U","Over 60 Concession",338883,15111,22.426245781219
2011-03-01,"C","Over 60 Concession",22611,1208,18.7177152317881
2011-03-01,"F","Over 60 Concession",2477200,124402,19.9128631372486
2011-03-01,"C","Disabled Concession",272,14,19.4285714285714
2011-03-01,"M","Disabled Concession",278592,7923,35.1624384702764
2011-03-01,"M","Over 60 Concession",1830885,84641,21.6311834690044
2011-03-01,"U","Disabled Concession",2834,107,26.4859813084112
2011-03-01,"F","Disabled Concession",203505,7623,26.6961826052735
2011-04-01,"U","Over 60 Concession",316313,14776,21.4072144017325
2011-04-01,"U","Disabled Concession",2845,107,26.588785046729
2011-04-01,"F","Disabled Concession",194099,7757,25.0224313523269
2011-04-01,"M","Over 60 Concession",1742919,82046,21.2431928430393
2011-04-01,"C","Disabled Concession",272,13,20.9230769230769
2011-04-01,"F","Over 60 Concession",2284172,121851,18.7456155468564
2011-04-01,"M","Disabled Concession",267484,8077,33.1167512690355
2011-04-01,"C","Over 60 Concession",21467,1235,17.3821862348178
2011-05-01,"C","Over 60 Concession",21766,1188,18.3215488215488
2011-05-01,"U","Over 60 Concession",322252,14731,21.8757721811147
2011-05-01,"M","Disabled Concession",278977,8196,34.0381893606637
2011-05-01,"C","Disabled Concession",316,14,22.5714285714286
2011-05-01,"U","Disabled Concession",2838,120,23.65
2011-05-01,"M","Over 60 Concession",1790086,82440,21.7138039786511
2011-05-01,"F","Over 60 Concession",2323666,122529,18.9642125537628
2011-05-01,"F","Disabled Concession",208260,8019,25.9708193041526
2011-06-01,"C","Disabled Concession",301,12,25.0833333333333
2011-06-01,"F","Disabled Concession",223049,8358,26.6868868150275
2011-06-01,"F","Over 60 Concession",2416029,123231,19.6056917496409
2011-06-01,"U","Over 60 Concession",331451,14759,22.4575513246155
2011-06-01,"C","Over 60 Concession",22962,1205,19.055601659751
2011-06-01,"M","Disabled Concession",290905,8476,34.3210240679566
2011-06-01,"M","Over 60 Concession",1849568,83142,22.2458925693392
2011-06-01,"U","Disabled Concession",2804,117,23.965811965812
2011-07-01,"U","Disabled Concession",2839,121,23.4628099173554
2011-07-01,"U","Over 60 Concession",338430,14751,22.9428513321131
2011-07-01,"F","Over 60 Concession",2459341,124097,19.8178924550956
2011-07-01,"C","Disabled Concession",316,13,24.3076923076923
2011-07-01,"M","Disabled Concession",304468,8733,34.8640787816329
2011-07-01,"C","Over 60 Concession",23804,1222,19.4795417348609
2011-07-01,"F","Disabled Concession",228507,8581,26.629413821233
2011-07-01,"M","Over 60 Concession",1903691,84068,22.6446567064757
2011-08-01,"C","Disabled Concession",277,16,17.3125
2011-08-01,"F","Over 60 Concession",2380595,122196,19.481775180857
2011-08-01,"F","Disabled Concession",224123,8642,25.9341587595464
2011-08-01,"U","Over 60 Concession",330834,14481,22.8460741661487
2011-08-01,"M","Disabled Concession",304667,8796,34.6369940882219
2011-08-01,"C","Over 60 Concession",22718,1190,19.090756302521
2011-08-01,"U","Disabled Concession",3007,116,25.9224137931034
2011-08-01,"M","Over 60 Concession",1880467,83053,22.641770917366
2011-09-01,"C","Over 60 Concession",22671,1203,18.8453865336658
2011-09-01,"C","Disabled Concession",313,13,24.0769230769231
2011-09-01,"U","Disabled Concession",2895,117,24.7435897435897
2011-09-01,"M","Over 60 Concession",1873771,84186,22.2575131256979
2011-09-01,"F","Over 60 Concession",2418916,123455,19.5935037058037
2011-09-01,"F","Disabled Concession",241254,8943,26.9768534048977
2011-09-01,"M","Disabled Concession",314509,9061,34.7101865136298
2011-09-01,"U","Over 60 Concession",330232,14606,22.6093386279611
2011-10-01,"F","Over 60 Concession",2430137,123367,19.6984363727739
2011-10-01,"U","Disabled Concession",2838,123,23.0731707317073
2011-10-01,"M","Over 60 Concession",1879068,84173,22.3238805792831
2011-10-01,"U","Over 60 Concession",329902,14613,22.5759255457469
2011-10-01,"F","Disabled Concession",241504,9070,26.6266813671444
2011-10-01,"M","Disabled Concession",317338,9175,34.5872479564033
2011-10-01,"C","Disabled Concession",272,14,19.4285714285714
2011-10-01,"C","Over 60 Concession",22943,1203,19.0714879467997
2011-11-01,"M","Disabled Concession",312513,9331,33.4919086914586
2011-11-01,"F","Over 60 Concession",2459073,125781,19.5504328952704
2011-11-01,"U","Over 60 Concession",327921,14761,22.2153648126821
2011-11-01,"C","Disabled Concession",293,16,18.3125
2011-11-01,"U","Disabled Concession",2945,125,23.56
2011-11-01,"M","Over 60 Concession",1845486,85801,21.5089101525623
2011-11-01,"C","Over 60 Concession",23773,1224,19.422385620915
2011-11-01,"F","Disabled Concession",240614,9150,26.2966120218579
2011-12-01,"U","Disabled Concession",2907,121,24.0247933884298
2011-12-01,"C","Over 60 Concession",21758,1238,17.5751211631664
2011-12-01,"M","Disabled Concession",293547,9351,31.3920436316971
2011-12-01,"M","Over 60 Concession",1738018,85977,20.2149179431708
2011-12-01,"F","Disabled Concession",218323,9203,23.7230251005107
2011-12-01,"F","Over 60 Concession",2214134,123596,17.9142852519499
2011-12-01,"U","Over 60 Concession",297982,14374,20.7306247391123
2011-12-01,"C","Disabled Concession",244,15,16.2666666666667
2012-01-01,"F","Disabled Concession",228875,9099,25.1538630618749
2012-01-01,"U","Disabled Concession",3324,128,25.96875
2012-01-01,"U","Over 60 Concession",295253,13992,21.1015580331618
2012-01-01,"M","Disabled Concession",308229,9357,32.9410067329272
2012-01-01,"M","Over 60 Concession",1749190,83188,21.0269510025484
2012-01-01,"C","Disabled Concession",266,14,19
2012-01-01,"F","Over 60 Concession",2201906,119675,18.3990474200961
2012-01-01,"C","Over 60 Concession",21977,1190,18.4680672268908
2012-02-01,"U","Over 60 Concession",278636,13754,20.258542969318
2012-02-01,"F","Disabled Concession",221164,9065,24.3975730832874
2012-02-01,"M","Disabled Concession",300670,9334,32.2123419755732
2012-02-01,"U","Disabled Concession",2922,126,23.1904761904762
2012-02-01,"C","Disabled Concession",197,10,19.7
2012-02-01,"C","Over 60 Concession",20945,1198,17.483305509182
2012-02-01,"F","Over 60 Concession",2089233,118332,17.6556890781868
2012-02-01,"M","Over 60 Concession",1662836,82094,20.2552683509148
2012-03-01,"F","Over 60 Concession",2470232,123348,20.0265265752181
2012-03-01,"M","Disabled Concession",344645,9518,36.2098129859214
2012-03-01,"F","Disabled Concession",261199,9378,27.8523139262103
2012-03-01,"M","Over 60 Concession",1889864,85121,22.2020887912501
2012-03-01,"U","Disabled Concession",3297,129,25.5581395348837
2012-03-01,"C","Over 60 Concession",23823,1235,19.2898785425101
2012-03-01,"C","Disabled Concession",363,14,25.9285714285714
2012-03-01,"U","Over 60 Concession",327663,14259,22.979381443299
2012-04-01,"F","Disabled Concession",224867,9108,24.6889547650417
2012-04-01,"F","Over 60 Concession",2028572,115010,17.638222763238
2012-04-01,"U","Disabled Concession",3061,125,24.488
2012-04-01,"M","Over 60 Concession",1646883,80139,20.5503312993674
2012-04-01,"C","Over 60 Concession",19229,1098,17.5127504553734
2012-04-01,"M","Disabled Concession",308524,9441,32.6791653426544
2012-04-01,"U","Over 60 Concession",274383,13433,20.4260403483957
2012-04-01,"C","Disabled Concession",270,14,19.2857142857143
2012-05-01,"C","Over 60 Concession",23307,1215,19.1827160493827
2012-05-01,"C","Disabled Concession",299,17,17.5882352941176
2012-05-01,"U","Disabled Concession",3353,122,27.483606557377
2012-05-01,"M","Disabled Concession",343469,9618,35.7110625909753
2012-05-01,"U","Over 60 Concession",317578,14057,22.5921604894359
2012-05-01,"F","Over 60 Concession",2412045,122193,19.7396332032113
2012-05-01,"F","Disabled Concession",261730,9428,27.7609249045397
2012-05-01,"M","Over 60 Concession",1887007,84206,22.4094126309289
2012-06-01,"M","Over 60 Concession",1784808,82823,21.5496661555365
2012-06-01,"U","Over 60 Concession",294834,13784,21.389582124202
2012-06-01,"C","Over 60 Concession",21764,1187,18.335299073294
2012-06-01,"F","Disabled Concession",240075,9317,25.767414403778
2012-06-01,"U","Disabled Concession",3124,130,24.0307692307692
2012-06-01,"C","Disabled Concession",275,17,16.1764705882353
2012-06-01,"M","Disabled Concession",321522,9468,33.9588086185044
2012-06-01,"F","Over 60 Concession",2216370,120173,18.4431611094006
2012-07-01,"M","Over 60 Concession",1916072,84654,22.6341578661375
2012-07-01,"U","Over 60 Concession",316069,13970,22.624838940587
2012-07-01,"C","Disabled Concession",294,15,19.6
2012-07-01,"F","Over 60 Concession",2388784,122058,19.5708925265038
2012-07-01,"U","Disabled Concession",3530,123,28.6991869918699
2012-07-01,"C","Over 60 Concession",23276,1191,19.5432409739715
2012-07-01,"F","Disabled Concession",254973,9400,27.1247872340426
2012-07-01,"M","Disabled Concession",338617,9608,35.2432348043297
2012-08-01,"F","Disabled Concession",251798,9300,27.0750537634409
2012-08-01,"M","Disabled Concession",343266,9508,36.1028607488431
2012-08-01,"M","Over 60 Concession",1942404,84786,22.9094897742552
2012-08-01,"C","Disabled Concession",251,15,16.7333333333333
2012-08-01,"C","Over 60 Concession",23042,1203,19.1537822111388
2012-08-01,"F","Over 60 Concession",2402874,122193,19.6645798040804
2012-08-01,"U","Disabled Concession",3779,123,30.7235772357724
2012-08-01,"U","Over 60 Concession",317027,13943,22.7373592483684
2012-09-01,"C","Disabled Concession",316,19,16.6315789473684
2012-09-01,"U","Over 60 Concession",306788,13927,22.0282903712214
2012-09-01,"M","Disabled Concession",336471,9564,35.180991217064
2012-09-01,"U","Disabled Concession",3390,122,27.7868852459016
2012-09-01,"M","Over 60 Concession",1879285,85040,22.0988358419567
2012-09-01,"C","Over 60 Concession",22653,1193,18.9882648784577
2012-09-01,"F","Over 60 Concession",2341367,122220,19.1569873997709
2012-09-01,"F","Disabled Concession",253187,9346,27.0904130109138
2012-10-01,"U","Disabled Concession",3655,123,29.7154471544715
2012-10-01,"C","Over 60 Concession",24551,1240,19.7991935483871
2012-10-01,"F","Over 60 Concession",2520382,124060,20.3158310494922
2012-10-01,"C","Disabled Concession",339,16,21.1875
2012-10-01,"M","Over 60 Concession",1983823,86766,22.8640596547035
2012-10-01,"M","Disabled Concession",349481,9507,36.7603870832018
2012-10-01,"U","Over 60 Concession",329051,14049,23.4216670225639
2012-10-01,"F","Disabled Concession",264165,9315,28.3590982286634
2012-11-01,"U","Disabled Concession",3220,126,25.5555555555556
2012-11-01,"M","Disabled Concession",327757,9443,34.7089907868262
2012-11-01,"F","Over 60 Concession",2396466,123972,19.3307037072887
2012-11-01,"U","Over 60 Concession",304726,13753,22.1570566421872
2012-11-01,"M","Over 60 Concession",1869190,86559,21.5944038170496
2012-11-01,"C","Over 60 Concession",23538,1225,19.214693877551
2012-11-01,"C","Disabled Concession",451,18,25.0555555555556
2012-11-01,"F","Disabled Concession",245589,9184,26.740962543554
2012-12-01,"C","Over 60 Concession",19847,1200,16.5391666666667
2012-12-01,"M","Over 60 Concession",1671717,85356,19.5852312666948
2012-12-01,"F","Over 60 Concession",2042610,120659,16.9287827679659
2012-12-01,"U","Disabled Concession",2720,120,22.6666666666667
2012-12-01,"M","Disabled Concession",291231,9408,30.9556760204082
2012-12-01,"C","Disabled Concession",299,17,17.5882352941176
2012-12-01,"U","Over 60 Concession",262619,13423,19.5648513745064
2012-12-01,"F","Disabled Concession",211052,9060,23.2949227373068
2013-01-01,"F","Disabled Concession",207325,8918,23.2479255438439
2013-01-01,"U","Over 60 Concession",248704,13155,18.9056632459141
2013-01-01,"M","Disabled Concession",297621,9336,31.8788560411311
2013-01-01,"M","Over 60 Concession",1687149,85735,19.6786493264128
2013-01-01,"U","Disabled Concession",2832,114,24.8421052631579
2013-01-01,"C","Over 60 Concession",19352,1190,16.2621848739496
2013-01-01,"C","Disabled Concession",255,18,14.1666666666667
2013-01-01,"F","Over 60 Concession",1905971,118197,16.1253754325406
2013-02-01,"F","Disabled Concession",208575,9001,23.1724252860793
2013-02-01,"F","Over 60 Concession",1943658,116062,16.7467215798453
2013-02-01,"C","Over 60 Concession",19504,1170,16.6700854700855
2013-02-01,"C","Disabled Concession",270,19,14.2105263157895
2013-02-01,"U","Disabled Concession",2481,109,22.7614678899083
2013-02-01,"U","Over 60 Concession",248448,12837,19.3540546856742
2013-02-01,"M","Over 60 Concession",1597528,82533,19.35623326427
2013-02-01,"M","Disabled Concession",290256,9360,31.0102564102564
2013-03-01,"U","Over 60 Concession",263195,12972,20.2894696268887
2013-03-01,"C","Disabled Concession",328,23,14.2608695652174
2013-03-01,"C","Over 60 Concession",20195,1184,17.0565878378378
2013-03-01,"U","Disabled Concession",2691,107,25.1495327102804
2013-03-01,"M","Disabled Concession",313583,9360,33.5024572649573
2013-03-01,"F","Disabled Concession",223692,9057,24.6982444518052
2013-03-01,"M","Over 60 Concession",1721431,84229,20.4375096463213
2013-03-01,"F","Over 60 Concession",2044665,116802,17.5053937432578
2013-04-01,"F","Disabled Concession",239762,9199,26.0639199913034
2013-04-01,"M","Over 60 Concession",1794148,83929,21.3769733941784
2013-04-01,"M","Disabled Concession",326787,9460,34.5440803382664
2013-04-01,"C","Disabled Concession",260,18,14.4444444444444
2013-04-01,"U","Over 60 Concession",279708,13118,21.3224576917213
2013-04-01,"U","Disabled Concession",2953,116,25.4568965517241
2013-04-01,"C","Over 60 Concession",21831,1185,18.4227848101266
2013-04-01,"F","Over 60 Concession",2200253,118207,18.6135592646798
2013-05-01,"F","Over 60 Concession",2311452,118718,19.4701056284641
2013-05-01,"M","Over 60 Concession",1893434,84031,22.5325653627828
2013-05-01,"M","Disabled Concession",341404,9557,35.7229256042691
2013-05-01,"U","Over 60 Concession",293368,12999,22.5685052696361
2013-05-01,"C","Disabled Concession",316,22,14.3636363636364
2013-05-01,"U","Disabled Concession",3076,118,26.0677966101695
2013-05-01,"C","Over 60 Concession",22814,1199,19.0275229357798
2013-05-01,"F","Disabled Concession",255213,9262,27.5548477650615
2013-06-01,"F","Disabled Concession",262426,9453,27.7611340315244
2013-06-01,"M","Disabled Concession",340567,9537,35.7100765439866
2013-06-01,"U","Over 60 Concession",294758,13075,22.5436328871893
2013-06-01,"C","Disabled Concession",209,19,11
2013-06-01,"F","Over 60 Concession",2351237,119476,19.6795758143895
2013-06-01,"M","Over 60 Concession",1900681,84335,22.5372739669176
2013-06-01,"U","Disabled Concession",3412,125,27.296
2013-06-01,"C","Over 60 Concession",23207,1176,19.733843537415
2013-07-01,"F","Disabled Concession",274241,9568,28.6623118729097
2013-07-01,"U","Over 60 Concession",309212,13154,23.5070700927475
2013-07-01,"C","Disabled Concession",248,18,13.7777777777778
2013-07-01,"F","Over 60 Concession",2444571,120103,20.3539545223683
2013-07-01,"M","Over 60 Concession",2013425,85703,23.4930515851254
2013-07-01,"C","Over 60 Concession",24228,1178,20.5670628183362
2013-07-01,"M","Disabled Concession",357050,9634,37.0614490346689
2013-07-01,"U","Disabled Concession",3487,116,30.0603448275862
2013-08-01,"M","Disabled Concession",352528,9645,36.5503369621566
2013-08-01,"U","Disabled Concession",3245,118,27.5
2013-08-01,"C","Over 60 Concession",23368,1186,19.7032040472175
2013-08-01,"F","Disabled Concession",266690,9464,28.179416737109
2013-08-01,"M","Over 60 Concession",1996172,85225,23.4223760633617
2013-08-01,"U","Over 60 Concession",307094,12999,23.6244326486653
2013-08-01,"F","Over 60 Concession",2415937,120406,20.0649220138531
2013-08-01,"C","Disabled Concession",273,20,13.65
2013-09-01,"F","Over 60 Concession",2337495,120287,19.432648582141
2013-09-01,"U","Over 60 Concession",294224,13010,22.6152190622598
2013-09-01,"C","Over 60 Concession",23088,1195,19.3205020920502
2013-09-01,"F","Disabled Concession",266596,9550,27.9158115183246
2013-09-01,"C","Disabled Concession",281,19,14.7894736842105
2013-09-01,"M","Over 60 Concession",1920648,85797,22.3859575509633
2013-09-01,"U","Disabled Concession",3303,115,28.7217391304348
2013-09-01,"M","Disabled Concession",344123,9705,35.4583204533745
2013-10-01,"U","Over 60 Concession",301032,12942,23.260083449235
2013-10-01,"C","Disabled Concession",342,23,14.8695652173913
2013-10-01,"U","Disabled Concession",3189,110,28.9909090909091
2013-10-01,"C","Over 60 Concession",23710,1198,19.7913188647746
2013-10-01,"F","Disabled Concession",268852,9528,28.2170445004198
2013-10-01,"M","Over 60 Concession",1969650,85962,22.9130313394291
2013-10-01,"F","Over 60 Concession",2421637,120330,20.1249646804621
2013-10-01,"M","Disabled Concession",358289,9794,36.5824994894834
2013-11-01,"U","Over 60 Concession",292338,12976,22.529130702836
2013-11-01,"M","Over 60 Concession",1900210,86977,21.8472699679226
2013-11-01,"F","Over 60 Concession",2393541,121683,19.6702990557432
2013-11-01,"M","Disabled Concession",342343,9824,34.8476180781759
2013-11-01,"C","Disabled Concession",225,17,13.2352941176471
2013-11-01,"C","Over 60 Concession",23414,1198,19.5442404006678
2013-11-01,"U","Disabled Concession",3108,106,29.3207547169811
2013-11-01,"F","Disabled Concession",256028,9483,26.9986291258041
2013-12-01,"F","Disabled Concession",236106,9415,25.0776420605417
2013-12-01,"U","Over 60 Concession",264344,12707,20.803021956402
2013-12-01,"M","Over 60 Concession",1762963,86460,20.3905042794356
2013-12-01,"F","Over 60 Concession",2138701,120337,17.7725969568794
2013-12-01,"M","Disabled Concession",314034,9799,32.0475558730483
2013-12-01,"C","Disabled Concession",251,21,11.952380952381
2013-12-01,"U","Disabled Concession",2775,105,26.4285714285714
2013-12-01,"C","Over 60 Concession",20883,1227,17.0195599022005
2014-01-01,"U","Disabled Concession",2907,105,27.6857142857143
2014-01-01,"F","Over 60 Concession",2216929,115892,19.1292669036689
2014-01-01,"C","Disabled Concession",258,16,16.125
2014-01-01,"M","Over 60 Concession",1845718,84136,21.9373157744604
2014-01-01,"M","Disabled Concession",335973,9657,34.7906182044113
2014-01-01,"F","Disabled Concession",250228,9255,27.0370610480821
2014-01-01,"U","Over 60 Concession",272679,12256,22.248612924282
2014-01-01,"C","Over 60 Concession",21801,1163,18.7454858125537
2014-02-01,"M","Over 60 Concession",1646128,81228,20.2655242034766
2014-02-01,"C","Disabled Concession",298,20,14.9
2014-02-01,"U","Over 60 Concession",238925,11872,20.1250842318059
2014-02-01,"U","Disabled Concession",2823,105,26.8857142857143
2014-02-01,"C","Over 60 Concession",19503,1114,17.5071813285458
2014-02-01,"F","Over 60 Concession",1956538,112333,17.4173039089137
2014-02-01,"F","Disabled Concession",227386,9149,24.8536452071265
2014-02-01,"M","Disabled Concession",313877,9660,32.4924430641822
2014-03-01,"C","Over 60 Concession",22535,1152,19.5616319444444
2014-03-01,"U","Disabled Concession",3409,114,29.9035087719298
2014-03-01,"F","Disabled Concession",272247,9473,28.7392589464795
2014-03-01,"M","Disabled Concession",363916,9916,36.6998789834611
2014-03-01,"F","Over 60 Concession",2351806,117795,19.9652447047837
2014-03-01,"C","Disabled Concession",332,23,14.4347826086957
2014-03-01,"U","Over 60 Concession",282800,12266,23.0556008478722
2014-03-01,"M","Over 60 Concession",1902603,84440,22.5320108953103
2014-04-01,"M","Disabled Concession",354624,9986,35.5121169637492
2014-04-01,"C","Over 60 Concession",22336,1156,19.3217993079585
2014-04-01,"U","Disabled Concession",3183,114,27.9210526315789
2014-04-01,"M","Over 60 Concession",1841836,83160,22.1481000481
2014-04-01,"C","Disabled Concession",322,22,14.6363636363636
2014-04-01,"F","Over 60 Concession",2274244,117455,19.3626835809459
2014-04-01,"F","Disabled Concession",262856,9499,27.6719654700495
2014-04-01,"U","Over 60 Concession",272623,12191,22.362644573866
2014-05-01,"C","Over 60 Concession",22370,1151,19.4352736750652
2014-05-01,"U","Over 60 Concession",277530,12126,22.887184562098
2014-05-01,"M","Disabled Concession",368066,10051,36.6198388220078
2014-05-01,"F","Disabled Concession",273627,9593,28.5236109663296
2014-05-01,"C","Disabled Concession",385,22,17.5
2014-05-01,"F","Over 60 Concession",2317955,117057,19.801934100481
2014-05-01,"U","Disabled Concession",3110,108,28.7962962962963
2014-05-01,"M","Over 60 Concession",1909999,83562,22.8572676575477
2014-06-01,"U","Over 60 Concession",278713,12073,23.0856456555951
2014-06-01,"M","Disabled Concession",365983,10093,36.2610720301199
2014-06-01,"F","Disabled Concession",282772,9704,29.1397361912613
2014-06-01,"C","Over 60 Concession",22692,1182,19.1979695431472
2014-06-01,"F","Over 60 Concession",2355534,117896,19.9797618239805
2014-06-01,"M","Over 60 Concession",1929409,83831,23.015459674822
2014-06-01,"C","Disabled Concession",320,22,14.5454545454545
2014-06-01,"U","Disabled Concession",3155,108,29.212962962963
2014-07-01,"M","Over 60 Concession",2060621,85563,24.0830849783201
2014-07-01,"M","Disabled Concession",384017,10130,37.9088845014807
2014-07-01,"F","Over 60 Concession",2516907,120070,20.9619971683185
2014-07-01,"C","Disabled Concession",384,24,16
2014-07-01,"U","Over 60 Concession",296718,12255,24.2119951040392
2014-07-01,"C","Over 60 Concession",24056,1164,20.6666666666667
2014-07-01,"U","Disabled Concession",3222,107,30.1121495327103
2014-07-01,"F","Disabled Concession",295074,9788,30.1465059256232
2014-08-01,"M","Over 60 Concession",1970449,83981,23.4630333051524
2014-08-01,"F","Over 60 Concession",2321095,117442,19.7637557262308
2014-08-01,"F","Disabled Concession",272126,9559,28.4680405900199
2014-08-01,"C","Disabled Concession",401,24,16.7083333333333
2014-08-01,"U","Over 60 Concession",277495,11837,23.4430176565008
2014-08-01,"U","Disabled Concession",3450,108,31.9444444444444
2014-08-01,"C","Over 60 Concession",22783,1159,19.6574633304573
2014-08-01,"M","Disabled Concession",367935,9991,36.8266439795816
2014-09-01,"F","Disabled Concession",294459,9818,29.9917498472194
2014-09-01,"M","Over 60 Concession",2012288,85700,23.4806067677946
2014-09-01,"F","Over 60 Concession",2467581,119223,20.6971893007222
2014-09-01,"M","Disabled Concession",379446,10152,37.3764775413712
2014-09-01,"C","Over 60 Concession",23433,1154,20.3058925476603
2014-09-01,"C","Disabled Concession",500,25,20
2014-09-01,"U","Over 60 Concession",288566,12044,23.959315841913
2014-09-01,"U","Disabled Concession",3814,111,34.3603603603604
2014-10-01,"U","Over 60 Concession",278803,11810,23.607366638442
2014-10-01,"U","Disabled Concession",3670,104,35.2884615384615
2014-10-01,"C","Over 60 Concession",22543,1167,19.3170522707798
2014-10-01,"F","Over 60 Concession",2402546,117408,20.4632222676479
2014-10-01,"M","Disabled Concession",377519,10153,37.1830000984931
2014-10-01,"F","Disabled Concession",285235,9716,29.3572457801564
2014-10-01,"M","Over 60 Concession",1972625,84693,23.2914762731276
2014-10-01,"C","Disabled Concession",536,28,19.1428571428571
2014-11-01,"F","Over 60 Concession",2294044,118073,19.4290311925673
2014-11-01,"U","Disabled Concession",3215,112,28.7053571428571
2014-11-01,"C","Over 60 Concession",22017,1165,18.8987124463519
2014-11-01,"C","Disabled Concession",591,28,21.1071428571429
2014-11-01,"U","Over 60 Concession",261978,11803,22.195882402779
2014-11-01,"M","Over 60 Concession",1851279,84976,21.7859042553191
2014-11-01,"F","Disabled Concession",267457,9773,27.3669292949964
2014-11-01,"M","Disabled Concession",353541,10126,34.9141813154256
2014-12-01,"C","Disabled Concession",573,20,28.65
2014-12-01,"C","Over 60 Concession",21536,1207,17.8425849212925
2014-12-01,"U","Disabled Concession",2871,107,26.8317757009346
2014-12-01,"F","Disabled Concession",256126,9802,26.1299734748011
2014-12-01,"M","Over 60 Concession",1792468,85825,20.8851500145645
2014-12-01,"U","Over 60 Concession",248013,11656,21.277711050103
2014-12-01,"F","Over 60 Concession",2164507,117702,18.3897215000595
2014-12-01,"M","Disabled Concession",336637,10132,33.2251283063561
2015-01-01,"U","Disabled Concession",2776,97,28.6185567010309
2015-01-01,"F","Disabled Concession",251649,9454,26.618256822509
2015-01-01,"C","Disabled Concession",535,22,24.3181818181818
2015-01-01,"C","Over 60 Concession",19948,1108,18.0036101083032
2015-01-01,"U","Over 60 Concession",236278,11109,21.2690611216131
2015-01-01,"M","Disabled Concession",341978,9851,34.7150543092072
2015-01-01,"M","Over 60 Concession",1744932,80997,21.5431682654913
2015-01-01,"F","Over 60 Concession",2040355,110364,18.4875049835091
2015-02-01,"F","Disabled Concession",230173,9136,25.1940674255692
2015-02-01,"U","Over 60 Concession",222114,10845,20.4807745504841
2015-02-01,"F","Over 60 Concession",1957289,109719,17.8391071737803
2015-02-01,"M","Disabled Concession",309854,9445,32.8061408152462
2015-02-01,"C","Disabled Concession",394,19,20.7368421052632
2015-02-01,"C","Over 60 Concession",18541,1087,17.0570377184913
2015-02-01,"U","Disabled Concession",2444,96,25.4583333333333
2015-02-01,"M","Over 60 Concession",1611862,79238,20.3420328630203
2015-03-01,"U","Disabled Concession",2800,90,31.1111111111111
2015-03-01,"M","Disabled Concession",331957,9184,36.145143728223
2015-03-01,"F","Disabled Concession",252942,8994,28.1234156104069
2015-03-01,"C","Disabled Concession",360,19,18.9473684210526
2015-03-01,"F","Over 60 Concession",2213562,112322,19.7072879756415
2015-03-01,"M","Over 60 Concession",1791760,80849,22.1618078145679
2015-03-01,"C","Over 60 Concession",20655,1122,18.4090909090909
2015-03-01,"U","Over 60 Concession",250069,11006,22.7211520988552
2015-04-01,"M","Over 60 Concession",1758283,79727,22.05379607912
2015-04-01,"C","Over 60 Concession",21295,1114,19.1157989228007
2015-04-01,"F","Over 60 Concession",2178270,112251,19.4053505091269
2015-04-01,"U","Disabled Concession",2761,91,30.3406593406593
2015-04-01,"F","Disabled Concession",240478,8696,27.6538638454462
2015-04-01,"M","Disabled Concession",307356,8890,34.5732283464567
2015-04-01,"U","Over 60 Concession",245959,10914,22.536100421477
2015-04-01,"C","Disabled Concession",347,21,16.5238095238095
2015-05-01,"U","Disabled Concession",2499,87,28.7241379310345
2015-05-01,"F","Over 60 Concession",2077809,109716,18.9380673739473
2015-05-01,"C","Disabled Concession",373,18,20.7222222222222
2015-05-01,"U","Over 60 Concession",236284,10658,22.1696378307375
2015-05-01,"M","Over 60 Concession",1710956,77886,21.9674395911974
2015-05-01,"F","Disabled Concession",226278,8401,26.9346506368289
2015-05-01,"C","Over 60 Concession",20792,1109,18.7484220018034
2015-05-01,"M","Disabled Concession",284810,8424,33.8093542260209
2015-06-01,"F","Over 60 Concession",2215697,110710,20.0135218137476
2015-06-01,"U","Over 60 Concession",247826,10792,22.963862120089
2015-06-01,"M","Over 60 Concession",1779813,79001,22.5289933038822
2015-06-01,"C","Over 60 Concession",22096,1132,19.5194346289753
2015-06-01,"C","Disabled Concession",414,22,18.8181818181818
2015-06-01,"U","Disabled Concession",2293,74,30.9864864864865
2015-06-01,"F","Disabled Concession",230966,8093,28.5389843074262
2015-06-01,"M","Disabled Concession",277570,7964,34.8530889000502
2015-07-01,"M","Disabled Concession",269004,7668,35.0813771517997
2015-07-01,"U","Over 60 Concession",252014,10719,23.5109618434555
2015-07-01,"F","Disabled Concession",221647,7799,28.4199256314912
2015-07-01,"F","Over 60 Concession",2230293,109946,20.2853491714114
2015-07-01,"C","Over 60 Concession",22367,1119,19.988382484361
2015-07-01,"U","Disabled Concession",2230,73,30.5479452054795
2015-07-01,"C","Disabled Concession",365,19,19.2105263157895
2015-07-01,"M","Over 60 Concession",1812526,78209,23.1754145942283
2015-08-01,"U","Disabled Concession",2069,72,28.7361111111111
2015-08-01,"U","Over 60 Concession",236109,10441,22.6136385403697
2015-08-01,"M","Over 60 Concession",1714509,75883,22.5941119881923
2015-08-01,"M","Disabled Concession",244722,7202,33.9797278533741
2015-08-01,"F","Over 60 Concession",2072491,107490,19.2807796074053
2015-08-01,"C","Disabled Concession",332,18,18.4444444444444
2015-08-01,"F","Disabled Concession",200083,7373,27.1372575613726
2015-08-01,"C","Over 60 Concession",21804,1121,19.4504906333631
2015-09-01,"U","Disabled Concession",1987,71,27.9859154929577
2015-09-01,"C","Disabled Concession",117,13,9
2015-09-01,"M","Over 60 Concession",1708990,76039,22.475177211694
2015-09-01,"M","Disabled Concession",243235,7072,34.3940893665158
2015-09-01,"C","Over 60 Concession",21720,1108,19.6028880866426
2015-09-01,"U","Over 60 Concession",241770,10512,22.9994292237443
2015-09-01,"F","Disabled Concession",204004,7270,28.0610729023384
2015-09-01,"F","Over 60 Concession",2145151,106983,20.0513259115934
2015-10-01,"U","Over 60 Concession",242414,10477,23.1377302662976
2015-10-01,"F","Disabled Concession",194047,6948,27.9284686240645
2015-10-01,"C","Disabled Concession",-1,-1,-1
2015-10-01,"M","Disabled Concession",233420,6770,34.4785819793205
2015-10-01,"C","Over 60 Concession",21866,1140,19.180701754386
2015-10-01,"F","Over 60 Concession",2161292,107356,20.1320093893215
2015-10-01,"U","Disabled Concession",2023,74,27.3378378378378
2015-10-01,"M","Over 60 Concession",1708686,76325,22.386976744186
2015-11-01,"F","Disabled Concession",171547,6551,26.1863837582049
2015-11-01,"M","Over 60 Concession",1585623,77415,20.4821158690176
2015-11-01,"U","Over 60 Concession",219379,10296,21.3072066822067
2015-11-01,"F","Over 60 Concession",1987863,107927,18.4185884903685
2015-11-01,"M","Disabled Concession",209082,6380,32.771473354232
2015-11-01,"U","Disabled Concession",1809,72,25.125
2015-11-01,"C","Disabled Concession",-1,-1,-1
2015-11-01,"C","Over 60 Concession",20447,1154,17.7183708838821
2015-12-01,"M","Disabled Concession",186560,6115,30.5085854456255
2015-12-01,"C","Disabled Concession",-1,-1,-1
2015-12-01,"U","Over 60 Concession",211871,10258,20.6542210957302
2015-12-01,"F","Disabled Concession",154854,6259,24.7410129413644
2015-12-01,"U","Disabled Concession",1868,74,25.2432432432432
2015-12-01,"F","Over 60 Concession",1907831,107770,17.7028022640809
2015-12-01,"C","Over 60 Concession",19828,1154,17.1819757365685
2015-12-01,"M","Over 60 Concession",1557014,78239,19.9007400401334
2016-01-01,"U","Disabled Concession",1838,62,29.6451612903226
2016-01-01,"C","Over 60 Concession",18070,1069,16.9036482694107
2016-01-01,"F","Over 60 Concession",1799849,100864,17.8443151173858
2016-01-01,"U","Over 60 Concession",203008,9698,20.9329758713137
2016-01-01,"M","Over 60 Concession",1507772,73404,20.540733475015
2016-01-01,"C","Disabled Concession",-1,-1,-1
2016-01-01,"F","Disabled Concession",146048,5858,24.9313758962103
2016-01-01,"M","Disabled Concession",182521,5746,31.7648799164636
2016-02-01,"M","Disabled Concession",174597,5530,31.5726943942134
2016-02-01,"C","Over 60 Concession",15699,951,16.5078864353312
2016-02-01,"C","Disabled Concession",-1,-1,-1
2016-02-01,"U","Over 60 Concession",198343,9487,20.9068198587541
2016-02-01,"F","Over 60 Concession",1749369,98284,17.7991229498189
2016-02-01,"F","Disabled Concession",140240,5647,24.8344253585975
2016-02-01,"M","Over 60 Concession",1427638,70428,20.2708865792015
2016-02-01,"U","Disabled Concession",1800,70,25.7142857142857
2016-03-01,"M","Over 60 Concession",1452538,69563,20.8808993286661
2016-03-01,"U","Disabled Concession",1920,66,29.0909090909091
2016-03-01,"C","Over 60 Concession",14900,867,17.1856978085352
2016-03-01,"F","Disabled Concession",143651,5484,26.1945660102115
2016-03-01,"C","Disabled Concession",-1,-1,-1
2016-03-01,"M","Disabled Concession",176365,5353,32.94694563796
2016-03-01,"F","Over 60 Concession",1809509,97392,18.5796471989486
2016-03-01,"U","Over 60 Concession",205487,9540,21.5395178197065
2016-04-01,"M","Over 60 Concession",1432846,67338,21.2784163473819
2016-04-01,"F","Over 60 Concession",1786535,94448,18.9155408266983
2016-04-01,"C","Over 60 Concession",12279,726,16.9132231404959
2016-04-01,"F","Disabled Concession",140774,5342,26.3523025084238
2016-04-01,"M","Disabled Concession",168721,5168,32.6472523219814
2016-04-01,"U","Over 60 Concession",204424,9301,21.9787119664552
2016-04-01,"C","Disabled Concession",-1,-1,-1
2016-04-01,"U","Disabled Concession",1815,67,27.089552238806
2016-05-01,"F","Disabled Concession",137112,5148,26.6340326340326
2016-05-01,"U","Disabled Concession",1842,60,30.7
2016-05-01,"C","Over 60 Concession",10375,633,16.390205371248
2016-05-01,"M","Over 60 Concession",1394103,64544,21.5992656172533
2016-05-01,"U","Over 60 Concession",199255,9058,21.9976816074189
2016-05-01,"C","Disabled Concession",-1,-1,-1
2016-05-01,"F","Over 60 Concession",1731412,91672,18.8870320272275
2016-05-01,"M","Disabled Concession",160434,4980,32.2156626506024
2016-06-01,"M","Disabled Concession",150308,4730,31.7775898520085
2016-06-01,"U","Disabled Concession",1875,63,29.7619047619048
2016-06-01,"F","Disabled Concession",131060,4848,27.0338283828383
2016-06-01,"F","Over 60 Concession",1697495,89320,19.0046462158531
2016-06-01,"C","Disabled Concession",-1,-1,-1
2016-06-01,"U","Over 60 Concession",194242,8764,22.1636239160201
2016-06-01,"C","Over 60 Concession",8498,527,16.1252371916509
2016-06-01,"M","Over 60 Concession",1360318,63188,21.5281066025195
2016-07-01,"M","Disabled Concession",141135,4439,31.794323045731
2016-07-01,"U","Over 60 Concession",191377,8522,22.4568176484393
2016-07-01,"U","Disabled Concession",1819,61,29.8196721311475
2016-07-01,"F","Disabled Concession",121889,4652,26.201418744626
2016-07-01,"C","Disabled Concession",-1,-1,-1
2016-07-01,"F","Over 60 Concession",1661927,86399,19.2354888366763
2016-07-01,"M","Over 60 Concession",1349190,61146,22.0650574035914
2016-07-01,"C","Over 60 Concession",6616,389,17.0077120822622
