"month","age5","type","n","pp","npp"
2010-10-01,71,"Disabled Concession",404,14,28.8571428571429
2010-10-01,41,"Disabled Concession",36822,1132,32.5282685512367
2010-10-01,31,"Disabled Concession",26032,860,30.2697674418605
2010-10-01,51,"Disabled Concession",62538,1941,32.2194744976816
2010-10-01,66,"Disabled Concession",16343,573,28.521815008726
2010-10-01,46,"Disabled Concession",52072,1655,31.4634441087613
2010-10-01,21,"Disabled Concession",16743,742,22.5646900269542
2010-10-01,46,"Over 60 Concession",-1,-1,-1
2010-10-01,81,"Over 60 Concession",1531522,70902,21.6005472342106
2010-10-01,26,"Disabled Concession",22449,827,27.1451027811366
2010-10-01,36,"Over 60 Concession",-1,-1,-1
2010-10-01,16,"Disabled Concession",2010,186,10.8064516129032
2010-10-01,36,"Disabled Concession",28101,905,31.0508287292818
2010-10-01,71,"Over 60 Concession",1020427,51264,19.9053331772784
2010-10-01,76,"Over 60 Concession",978997,46512,21.0482671138631
2010-10-01,76,"Disabled Concession",-1,-1,-1
2010-10-01,56,"Disabled Concession",66340,2160,30.712962962963
2010-10-01,10,"Disabled Concession",319,43,7.41860465116279
2010-10-01,61,"Disabled Concession",78781,2653,29.6950621937429
2010-10-01,66,"Over 60 Concession",976491,52137,18.7293284999137
2010-10-01,81,"Disabled Concession",390,18,21.6666666666667
2010-10-01,5,"Disabled Concession",-1,-1,-1
2010-11-01,71,"Over 60 Concession",1031170,52543,19.6252593114211
2010-11-01,31,"Disabled Concession",26664,877,30.4036488027366
2010-11-01,56,"Disabled Concession",66834,2178,30.6859504132231
2010-11-01,21,"Disabled Concession",16619,740,22.4581081081081
2010-11-01,81,"Disabled Concession",389,15,25.9333333333333
2010-11-01,46,"Disabled Concession",51984,1677,30.9982110912343
2010-11-01,26,"Disabled Concession",22364,850,26.3105882352941
2010-11-01,5,"Disabled Concession",-1,-1,-1
2010-11-01,81,"Over 60 Concession",1464446,70706,20.7117642067151
2010-11-01,36,"Over 60 Concession",-1,-1,-1
2010-11-01,66,"Over 60 Concession",1004623,54071,18.5797007638105
2010-11-01,36,"Disabled Concession",28177,931,30.265306122449
2010-11-01,66,"Disabled Concession",15732,556,28.294964028777
2010-11-01,71,"Disabled Concession",347,13,26.6923076923077
2010-11-01,41,"Disabled Concession",36599,1146,31.9363001745201
2010-11-01,76,"Over 60 Concession",966322,47324,20.4192798580002
2010-11-01,76,"Disabled Concession",-1,-1,-1
2010-11-01,46,"Over 60 Concession",-1,-1,-1
2010-11-01,61,"Disabled Concession",77755,2716,28.6284977908689
2010-11-01,51,"Disabled Concession",63527,1999,31.7793896948474
2010-11-01,51,"Over 60 Concession",-1,-1,-1
2010-11-01,16,"Disabled Concession",1629,171,9.52631578947368
2010-11-01,10,"Disabled Concession",277,41,6.75609756097561
2010-12-01,41,"Disabled Concession",30389,1142,26.6103327495622
2010-12-01,71,"Over 60 Concession",875853,53001,16.525216505349
2010-12-01,61,"Disabled Concession",63786,2659,23.9887175629936
2010-12-01,51,"Disabled Concession",53592,2002,26.7692307692308
2010-12-01,71,"Disabled Concession",323,13,24.8461538461538
2010-12-01,36,"Over 60 Concession",-1,-1,-1
2010-12-01,5,"Disabled Concession",-1,-1,-1
2010-12-01,31,"Disabled Concession",21710,876,24.7831050228311
2010-12-01,66,"Disabled Concession",12603,524,24.0515267175573
2010-12-01,66,"Over 60 Concession",880373,56044,15.7086039540361
2010-12-01,56,"Disabled Concession",54992,2184,25.1794871794872
2010-12-01,46,"Disabled Concession",42832,1684,25.4346793349169
2010-12-01,21,"Disabled Concession",13378,733,18.2510231923602
2010-12-01,10,"Disabled Concession",394,36,10.9444444444444
2010-12-01,76,"Disabled Concession",-1,-1,-1
2010-12-01,26,"Disabled Concession",17979,844,21.3021327014218
2010-12-01,16,"Over 60 Concession",-1,-1,-1
2010-12-01,61,"Over 60 Concession",296,72,4.11111111111111
2010-12-01,81,"Disabled Concession",286,16,17.875
2010-12-01,46,"Over 60 Concession",-1,-1,-1
2010-12-01,76,"Over 60 Concession",787227,46521,16.9219707228993
2010-12-01,21,"Over 60 Concession",-1,-1,-1
2010-12-01,16,"Disabled Concession",1748,191,9.15183246073298
2010-12-01,36,"Disabled Concession",22784,902,25.2594235033259
2010-12-01,81,"Over 60 Concession",1065758,66231,16.0915281363712
2010-12-01,51,"Over 60 Concession",-1,-1,-1
2011-01-01,46,"Over 60 Concession",-1,-1,-1
2011-01-01,46,"Disabled Concession",49489,1745,28.3604584527221
2011-01-01,21,"Disabled Concession",15459,749,20.6395193591455
2011-01-01,71,"Over 60 Concession",924431,50789,18.2014018783595
2011-01-01,51,"Disabled Concession",61038,2067,29.5297532656023
2011-01-01,76,"Over 60 Concession",865047,45563,18.9857340385839
2011-01-01,61,"Over 60 Concession",4365,316,13.8132911392405
2011-01-01,81,"Disabled Concession",323,14,23.0714285714286
2011-01-01,56,"Disabled Concession",64667,2278,28.3876207199298
2011-01-01,16,"Disabled Concession",1543,171,9.0233918128655
2011-01-01,31,"Disabled Concession",26133,920,28.4054347826087
2011-01-01,5,"Disabled Concession",-1,-1,-1
2011-01-01,36,"Over 60 Concession",-1,-1,-1
2011-01-01,66,"Disabled Concession",14158,536,26.4141791044776
2011-01-01,21,"Over 60 Concession",-1,-1,-1
2011-01-01,76,"Disabled Concession",-1,-1,-1
2011-01-01,26,"Disabled Concession",22160,883,25.0962627406569
2011-01-01,41,"Disabled Concession",34541,1200,28.7841666666667
2011-01-01,66,"Over 60 Concession",917415,52927,17.3335915506263
2011-01-01,71,"Disabled Concession",357,14,25.5
2011-01-01,10,"Disabled Concession",425,41,10.3658536585366
2011-01-01,61,"Disabled Concession",75190,2806,26.7961511047755
2011-01-01,81,"Over 60 Concession",1277527,67309,18.9800323879422
2011-01-01,36,"Disabled Concession",26773,955,28.034554973822
2011-02-01,21,"Disabled Concession",15512,769,20.1716514954486
2011-02-01,66,"Over 60 Concession",917962,53225,17.2468201033349
2011-02-01,81,"Disabled Concession",330,14,23.5714285714286
2011-02-01,71,"Disabled Concession",327,12,27.25
2011-02-01,26,"Disabled Concession",22775,914,24.917943107221
2011-02-01,81,"Over 60 Concession",1288272,67202,19.1701437457219
2011-02-01,76,"Disabled Concession",-1,-1,-1
2011-02-01,31,"Disabled Concession",27010,933,28.9496248660236
2011-02-01,56,"Disabled Concession",66830,2375,28.1389473684211
2011-02-01,66,"Disabled Concession",14415,549,26.2568306010929
2011-02-01,46,"Disabled Concession",51593,1818,28.3789878987899
2011-02-01,10,"Disabled Concession",456,51,8.94117647058824
2011-02-01,5,"Disabled Concession",-1,-1,-1
2011-02-01,76,"Over 60 Concession",860729,45347,18.9809469204137
2011-02-01,41,"Disabled Concession",36345,1236,29.4053398058252
2011-02-01,36,"Over 60 Concession",-1,-1,-1
2011-02-01,16,"Disabled Concession",1908,201,9.49253731343284
2011-02-01,46,"Over 60 Concession",-1,-1,-1
2011-02-01,21,"Over 60 Concession",-1,-1,-1
2011-02-01,51,"Disabled Concession",63011,2141,29.4306398879028
2011-02-01,36,"Disabled Concession",28411,993,28.6112789526687
2011-02-01,61,"Disabled Concession",76842,2896,26.5338397790055
2011-02-01,71,"Over 60 Concession",917978,50642,18.1268117372932
2011-02-01,61,"Over 60 Concession",5880,369,15.9349593495935
2011-03-01,81,"Over 60 Concession",1518092,69672,21.7891261912964
2011-03-01,81,"Disabled Concession",305,13,23.4615384615385
2011-03-01,10,"Disabled Concession",415,50,8.3
2011-03-01,5,"Disabled Concession",-1,-1,-1
2011-03-01,16,"Disabled Concession",1837,199,9.23115577889447
2011-03-01,76,"Disabled Concession",-1,-1,-1
2011-03-01,76,"Over 60 Concession",1004345,46930,21.400916258257
2011-03-01,61,"Disabled Concession",92313,3111,29.6730954676953
2011-03-01,21,"Disabled Concession",18201,814,22.3599508599509
2011-03-01,36,"Over 60 Concession",-1,-1,-1
2011-03-01,36,"Disabled Concession",33854,1022,33.1252446183953
2011-03-01,31,"Disabled Concession",31646,974,32.4907597535934
2011-03-01,46,"Disabled Concession",60725,1939,31.3176895306859
2011-03-01,66,"Disabled Concession",16826,538,31.275092936803
2011-03-01,21,"Over 60 Concession",-1,-1,-1
2011-03-01,61,"Over 60 Concession",16718,1011,16.5361028684471
2011-03-01,56,"Disabled Concession",80803,2480,32.5818548387097
2011-03-01,51,"Disabled Concession",75965,2261,33.5979655019903
2011-03-01,71,"Over 60 Concession",1066073,52652,20.2475309579883
2011-03-01,66,"Over 60 Concession",1064298,55093,19.3182073947688
2011-03-01,46,"Over 60 Concession",-1,-1,-1
2011-03-01,71,"Disabled Concession",391,13,30.0769230769231
2011-03-01,26,"Disabled Concession",27066,932,29.0407725321888
2011-03-01,41,"Disabled Concession",44612,1311,34.0289855072464
2011-04-01,46,"Disabled Concession",58349,1957,29.8155339805825
2011-04-01,66,"Over 60 Concession",989198,53889,18.3562136985285
2011-04-01,61,"Over 60 Concession",19764,1080,18.3
2011-04-01,41,"Disabled Concession",40521,1328,30.5128012048193
2011-04-01,31,"Disabled Concession",30770,996,30.8935742971888
2011-04-01,46,"Over 60 Concession",-1,-1,-1
2011-04-01,21,"Disabled Concession",17337,814,21.2985257985258
2011-04-01,51,"Disabled Concession",72496,2299,31.5337103088299
2011-04-01,71,"Over 60 Concession",991742,51136,19.3942036921151
2011-04-01,71,"Disabled Concession",306,14,21.8571428571429
2011-04-01,21,"Over 60 Concession",-1,-1,-1
2011-04-01,56,"Disabled Concession",77403,2516,30.7643084260731
2011-04-01,36,"Disabled Concession",32035,1047,30.5969436485196
2011-04-01,76,"Over 60 Concession",940409,45860,20.5060837331007
2011-04-01,81,"Over 60 Concession",1423717,67939,20.9558133031101
2011-04-01,36,"Over 60 Concession",-1,-1,-1
2011-04-01,26,"Disabled Concession",24858,960,25.89375
2011-04-01,5,"Disabled Concession",-1,-1,-1
2011-04-01,81,"Disabled Concession",356,13,27.3846153846154
2011-04-01,76,"Disabled Concession",-1,-1,-1
2011-04-01,66,"Disabled Concession",16482,551,29.9128856624319
2011-04-01,16,"Disabled Concession",2626,216,12.1574074074074
2011-04-01,61,"Disabled Concession",90275,3177,28.4151715454832
2011-04-01,10,"Disabled Concession",649,57,11.3859649122807
2011-05-01,76,"Disabled Concession",-1,-1,-1
2011-05-01,71,"Over 60 Concession",1019145,51278,19.8748976169117
2011-05-01,51,"Disabled Concession",76761,2365,32.4570824524313
2011-05-01,66,"Over 60 Concession",1014919,53854,18.8457496193412
2011-05-01,41,"Disabled Concession",44588,1368,32.593567251462
2011-05-01,36,"Disabled Concession",34305,1081,31.7345050878816
2011-05-01,5,"Disabled Concession",-1,-1,-1
2011-05-01,36,"Over 60 Concession",-1,-1,-1
2011-05-01,46,"Over 60 Concession",-1,-1,-1
2011-05-01,61,"Disabled Concession",94542,3268,28.9296205630355
2011-05-01,26,"Disabled Concession",26819,984,27.255081300813
2011-05-01,46,"Disabled Concession",61093,2019,30.2590391282813
2011-05-01,81,"Over 60 Concession",1438628,68109,21.1224360950829
2011-05-01,21,"Over 60 Concession",-1,-1,-1
2011-05-01,10,"Disabled Concession",590,56,10.5357142857143
2011-05-01,71,"Disabled Concession",277,12,23.0833333333333
2011-05-01,76,"Over 60 Concession",956772,45995,20.8016523535167
2011-05-01,16,"Disabled Concession",1977,202,9.78712871287129
2011-05-01,56,"Disabled Concession",82132,2602,31.564950038432
2011-05-01,31,"Disabled Concession",32233,1013,31.8193484698914
2011-05-01,21,"Disabled Concession",17643,789,22.361216730038
2011-05-01,66,"Disabled Concession",16682,561,29.7361853832442
2011-05-01,61,"Over 60 Concession",28242,1648,17.1371359223301
2011-05-01,81,"Disabled Concession",428,18,23.7777777777778
2011-06-01,56,"Disabled Concession",88418,2712,32.6025073746313
2011-06-01,66,"Disabled Concession",17427,566,30.7897526501767
2011-06-01,36,"Over 60 Concession",-1,-1,-1
2011-06-01,61,"Disabled Concession",100861,3415,29.5346998535871
2011-06-01,71,"Disabled Concession",268,11,24.3636363636364
2011-06-01,81,"Over 60 Concession",1490018,68304,21.814505739049
2011-06-01,21,"Disabled Concession",18580,822,22.6034063260341
2011-06-01,71,"Over 60 Concession",1050347,51375,20.4447104622871
2011-06-01,10,"Disabled Concession",685,63,10.8730158730159
2011-06-01,46,"Over 60 Concession",-1,-1,-1
2011-06-01,76,"Over 60 Concession",992025,46300,21.4260259179266
2011-06-01,66,"Over 60 Concession",1052924,54512,19.3154534781333
2011-06-01,5,"Disabled Concession",144,10,14.4
2011-06-01,76,"Disabled Concession",-1,-1,-1
2011-06-01,36,"Disabled Concession",34968,1102,31.7313974591652
2011-06-01,26,"Disabled Concession",28004,1012,27.6719367588933
2011-06-01,16,"Disabled Concession",2245,209,10.7416267942584
2011-06-01,41,"Disabled Concession",46403,1464,31.6960382513661
2011-06-01,46,"Disabled Concession",64021,2080,30.7793269230769
2011-06-01,31,"Disabled Concession",34370,1066,32.2420262664165
2011-06-01,81,"Disabled Concession",422,15,28.1333333333333
2011-06-01,51,"Disabled Concession",80136,2414,33.1963545981773
2011-06-01,61,"Over 60 Concession",34653,1843,18.802495930548
2011-07-01,66,"Disabled Concession",17492,560,31.2357142857143
2011-07-01,31,"Disabled Concession",35323,1078,32.7671614100186
2011-07-01,76,"Over 60 Concession",1012514,46487,21.7805838191322
2011-07-01,10,"Disabled Concession",625,60,10.4166666666667
2011-07-01,31,"Over 60 Concession",-1,-1,-1
2011-07-01,71,"Disabled Concession",310,12,25.8333333333333
2011-07-01,46,"Over 60 Concession",-1,-1,-1
2011-07-01,36,"Disabled Concession",36261,1147,31.613775065388
2011-07-01,61,"Disabled Concession",106034,3497,30.3214183585931
2011-07-01,66,"Over 60 Concession",1076680,55285,19.4750836574116
2011-07-01,41,"Disabled Concession",48472,1493,32.4661754855995
2011-07-01,5,"Disabled Concession",-1,-1,-1
2011-07-01,36,"Over 60 Concession",-1,-1,-1
2011-07-01,56,"Disabled Concession",91162,2799,32.5694891032512
2011-07-01,81,"Disabled Concession",400,17,23.5294117647059
2011-07-01,71,"Over 60 Concession",1077867,51772,20.8194970254191
2011-07-01,76,"Disabled Concession",-1,-1,-1
2011-07-01,26,"Disabled Concession",27669,1050,26.3514285714286
2011-07-01,46,"Disabled Concession",67558,2144,31.5102611940299
2011-07-01,61,"Over 60 Concession",43901,2395,18.3302713987474
2011-07-01,51,"Disabled Concession",83491,2511,33.2500995619275
2011-07-01,81,"Over 60 Concession",1514284,68195,22.205205660239
2011-07-01,21,"Disabled Concession",18350,842,21.7933491686461
2011-07-01,16,"Disabled Concession",2696,229,11.7729257641921
2011-08-01,66,"Over 60 Concession",1047101,54288,19.2878905098733
2011-08-01,31,"Over 60 Concession",-1,-1,-1
2011-08-01,81,"Over 60 Concession",1481009,67090,22.0749590102847
2011-08-01,16,"Disabled Concession",3800,254,14.9606299212598
2011-08-01,26,"Disabled Concession",27352,1016,26.9212598425197
2011-08-01,41,"Disabled Concession",48017,1527,31.445317616241
2011-08-01,81,"Disabled Concession",370,15,24.6666666666667
2011-08-01,46,"Disabled Concession",66838,2174,30.7442502299908
2011-08-01,36,"Disabled Concession",35095,1146,30.6239092495637
2011-08-01,21,"Disabled Concession",18369,834,22.0251798561151
2011-08-01,66,"Disabled Concession",16498,537,30.7225325884544
2011-08-01,36,"Over 60 Concession",-1,-1,-1
2011-08-01,61,"Over 60 Concession",44871,2431,18.4578362813657
2011-08-01,51,"Disabled Concession",82833,2528,32.7662183544304
2011-08-01,76,"Disabled Concession",-1,-1,-1
2011-08-01,61,"Disabled Concession",104599,3531,29.6230529595016
2011-08-01,76,"Over 60 Concession",993608,45999,21.6006434922498
2011-08-01,56,"Disabled Concession",91683,2821,32.5001772421127
2011-08-01,71,"Over 60 Concession",1047995,51110,20.5046957542555
2011-08-01,71,"Disabled Concession",313,12,26.0833333333333
2011-08-01,5,"Disabled Concession",-1,-1,-1
2011-08-01,31,"Disabled Concession",35122,1091,32.19248395967
2011-08-01,10,"Disabled Concession",976,75,13.0133333333333
2011-09-01,36,"Over 60 Concession",-1,-1,-1
2011-09-01,46,"Over 60 Concession",-1,-1,-1
2011-09-01,41,"Disabled Concession",51615,1550,33.3
2011-09-01,66,"Over 60 Concession",1060263,54821,19.3404534758578
2011-09-01,71,"Disabled Concession",311,11,28.2727272727273
2011-09-01,61,"Over 60 Concession",55912,3062,18.2599608099282
2011-09-01,46,"Disabled Concession",69590,2255,30.860310421286
2011-09-01,56,"Disabled Concession",94840,2889,32.827968155071
2011-09-01,81,"Over 60 Concession",1479821,67487,21.9274971475988
2011-09-01,76,"Over 60 Concession",994908,46409,21.4378245598914
2011-09-01,71,"Over 60 Concession",1054624,51668,20.4115506696601
2011-09-01,31,"Disabled Concession",36842,1125,32.7484444444444
2011-09-01,36,"Disabled Concession",36813,1179,31.2239185750636
2011-09-01,66,"Disabled Concession",17065,558,30.5824372759857
2011-09-01,51,"Disabled Concession",86620,2624,33.0106707317073
2011-09-01,76,"Disabled Concession",-1,-1,-1
2011-09-01,61,"Disabled Concession",109740,3608,30.4157427937916
2011-09-01,81,"Disabled Concession",359,14,25.6428571428571
2011-09-01,21,"Disabled Concession",20961,900,23.29
2011-09-01,26,"Disabled Concession",30617,1099,27.8589626933576
2011-09-01,16,"Disabled Concession",2717,239,11.3682008368201
2011-09-01,10,"Disabled Concession",650,73,8.9041095890411
2011-09-01,5,"Disabled Concession",-1,-1,-1
2011-09-01,31,"Over 60 Concession",-1,-1,-1
2011-10-01,66,"Disabled Concession",16834,551,30.551724137931
2011-10-01,76,"Disabled Concession",-1,-1,-1
2011-10-01,31,"Disabled Concession",36572,1138,32.1370826010545
2011-10-01,26,"Disabled Concession",31070,1139,27.2783143107989
2011-10-01,36,"Over 60 Concession",-1,-1,-1
2011-10-01,31,"Over 60 Concession",-1,-1,-1
2011-10-01,56,"Disabled Concession",94484,2940,32.1374149659864
2011-10-01,41,"Disabled Concession",52686,1578,33.3878326996198
2011-10-01,66,"Over 60 Concession",1070646,55015,19.4609833681723
2011-10-01,71,"Over 60 Concession",1060827,51589,20.5630463858575
2011-10-01,46,"Over 60 Concession",-1,-1,-1
2011-10-01,81,"Over 60 Concession",1471924,67154,21.91863477976
2011-10-01,61,"Over 60 Concession",61425,3243,18.940795559667
2011-10-01,51,"Disabled Concession",86381,2677,32.2678371311169
2011-10-01,46,"Disabled Concession",70897,2267,31.2734891927658
2011-10-01,81,"Disabled Concession",328,16,20.5
2011-10-01,76,"Over 60 Concession",997142,46352,21.5123835001726
2011-10-01,21,"Disabled Concession",21231,910,23.3307692307692
2011-10-01,10,"Disabled Concession",781,81,9.64197530864197
2011-10-01,71,"Disabled Concession",226,10,22.6
2011-10-01,16,"Disabled Concession",2908,241,12.0663900414938
2011-10-01,36,"Disabled Concession",37531,1208,31.0687086092715
2011-10-01,61,"Disabled Concession",109764,3614,30.3718871057001
2011-10-01,5,"Disabled Concession",-1,-1,-1
2011-11-01,56,"Disabled Concession",93764,3009,31.1611831173147
2011-11-01,26,"Disabled Concession",30771,1127,27.3034605146406
2011-11-01,10,"Disabled Concession",725,69,10.5072463768116
2011-11-01,31,"Over 60 Concession",-1,-1,-1
2011-11-01,21,"Disabled Concession",21427,934,22.941113490364
2011-11-01,76,"Disabled Concession",-1,-1,-1
2011-11-01,66,"Disabled Concession",16169,538,30.0539033457249
2011-11-01,61,"Disabled Concession",107945,3648,29.5901864035088
2011-11-01,46,"Over 60 Concession",-1,-1,-1
2011-11-01,81,"Over 60 Concession",1437504,67382,21.3336499361847
2011-11-01,5,"Disabled Concession",-1,-1,-1
2011-11-01,81,"Disabled Concession",294,12,24.5
2011-11-01,41,"Disabled Concession",52239,1616,32.3261138613861
2011-11-01,61,"Over 60 Concession",71056,3943,18.0207963479584
2011-11-01,31,"Disabled Concession",35940,1161,30.9560723514212
2011-11-01,71,"Over 60 Concession",1069281,52645,20.3111596542882
2011-11-01,46,"Disabled Concession",70871,2327,30.4559518693597
2011-11-01,36,"Disabled Concession",37644,1216,30.9572368421053
2011-11-01,36,"Over 60 Concession",-1,-1,-1
2011-11-01,71,"Disabled Concession",317,11,28.8181818181818
2011-11-01,66,"Over 60 Concession",1087471,56485,19.2523855890944
2011-11-01,16,"Disabled Concession",2671,224,11.9241071428571
2011-11-01,76,"Over 60 Concession",990838,47109,21.0328811904307
2011-11-01,51,"Disabled Concession",85331,2720,31.3716911764706
2011-12-01,66,"Disabled Concession",14703,531,27.6892655367232
2011-12-01,21,"Disabled Concession",19566,949,20.6174920969442
2011-12-01,81,"Disabled Concession",298,14,21.2857142857143
2011-12-01,56,"Disabled Concession",86204,2991,28.8211300568372
2011-12-01,61,"Over 60 Concession",71138,4207,16.9094366531971
2011-12-01,71,"Over 60 Concession",993299,52551,18.9016193792697
2011-12-01,51,"Disabled Concession",79528,2748,28.9403202328967
2011-12-01,26,"Disabled Concession",27723,1157,23.9611063094209
2011-12-01,81,"Over 60 Concession",1279882,65086,19.6644746950189
2011-12-01,71,"Disabled Concession",272,11,24.7272727272727
2011-12-01,10,"Disabled Concession",728,75,9.70666666666667
2011-12-01,36,"Disabled Concession",34225,1200,28.5208333333333
2011-12-01,46,"Over 60 Concession",-1,-1,-1
2011-12-01,76,"Disabled Concession",-1,-1,-1
2011-12-01,61,"Disabled Concession",100136,3627,27.6084918665564
2011-12-01,66,"Over 60 Concession",1013777,57080,17.7606341976174
2011-12-01,41,"Disabled Concession",48611,1637,29.6951740989615
2011-12-01,46,"Disabled Concession",66444,2342,28.3706233988044
2011-12-01,36,"Over 60 Concession",-1,-1,-1
2011-12-01,5,"Disabled Concession",-1,-1,-1
2011-12-01,16,"Disabled Concession",2693,234,11.508547008547
2011-12-01,31,"Disabled Concession",33584,1162,28.9018932874355
2011-12-01,76,"Over 60 Concession",913757,46259,19.7530642685748
2012-01-01,66,"Over 60 Concession",1013287,54387,18.6310515380514
2012-01-01,76,"Disabled Concession",-1,-1,-1
2012-01-01,71,"Disabled Concession",339,12,28.25
2012-01-01,10,"Disabled Concession",748,66,11.3333333333333
2012-01-01,46,"Disabled Concession",69899,2340,29.8713675213675
2012-01-01,26,"Disabled Concession",29912,1150,26.0104347826087
2012-01-01,36,"Over 60 Concession",-1,-1,-1
2012-01-01,5,"Disabled Concession",-1,-1,-1
2012-01-01,46,"Over 60 Concession",-1,-1,-1
2012-01-01,31,"Disabled Concession",36714,1171,31.3526900085397
2012-01-01,81,"Over 60 Concession",1274649,63609,20.0388152619912
2012-01-01,66,"Disabled Concession",14598,514,28.4007782101167
2012-01-01,76,"Over 60 Concession",909347,44898,20.2536193148915
2012-01-01,21,"Disabled Concession",21787,933,23.3515541264737
2012-01-01,61,"Disabled Concession",102170,3612,28.2862679955703
2012-01-01,36,"Disabled Concession",37980,1237,30.7033144704931
2012-01-01,56,"Disabled Concession",89740,3000,29.9133333333333
2012-01-01,16,"Disabled Concession",2541,221,11.4977375565611
2012-01-01,51,"Disabled Concession",82222,2707,30.373845585519
2012-01-01,61,"Over 60 Concession",79450,4483,17.7225072496096
2012-01-01,71,"Over 60 Concession",991551,50666,19.5703430308294
2012-01-01,81,"Disabled Concession",355,15,23.6666666666667
2012-01-01,41,"Disabled Concession",51437,1608,31.988184079602
2012-02-01,46,"Disabled Concession",69238,2341,29.5762494660402
2012-02-01,81,"Over 60 Concession",1186748,62211,19.0761762389288
2012-02-01,21,"Disabled Concession",21175,971,21.8074150360453
2012-02-01,61,"Over 60 Concession",81960,4680,17.5128205128205
2012-02-01,16,"Disabled Concession",2785,243,11.4609053497942
2012-02-01,31,"Disabled Concession",35815,1178,30.4032258064516
2012-02-01,46,"Over 60 Concession",-1,-1,-1
2012-02-01,66,"Disabled Concession",13137,477,27.5408805031447
2012-02-01,71,"Over 60 Concession",945590,49888,18.9542575368826
2012-02-01,5,"Disabled Concession",-1,-1,-1
2012-02-01,10,"Disabled Concession",698,73,9.56164383561644
2012-02-01,41,"Disabled Concession",49212,1612,30.5285359801489
2012-02-01,66,"Over 60 Concession",975582,54290,17.9698286977344
2012-02-01,71,"Disabled Concession",313,11,28.4545454545455
2012-02-01,36,"Disabled Concession",37022,1224,30.2467320261438
2012-02-01,51,"Disabled Concession",81187,2707,29.99150350942
2012-02-01,76,"Disabled Concession",-1,-1,-1
2012-02-01,36,"Over 60 Concession",-1,-1,-1
2012-02-01,56,"Disabled Concession",87004,2965,29.343676222597
2012-02-01,76,"Over 60 Concession",861747,44307,19.4494549394001
2012-02-01,61,"Disabled Concession",97052,3549,27.3462947309101
2012-02-01,26,"Disabled Concession",29945,1164,25.7259450171821
2012-02-01,81,"Disabled Concession",-1,-1,-1
2012-03-01,81,"Disabled Concession",246,12,20.5
2012-03-01,36,"Disabled Concession",42604,1259,33.8395552025417
2012-03-01,36,"Over 60 Concession",-1,-1,-1
2012-03-01,76,"Disabled Concession",-1,-1,-1
2012-03-01,56,"Disabled Concession",101623,3076,33.0373862158648
2012-03-01,71,"Over 60 Concession",1081030,51943,20.8118514525538
2012-03-01,46,"Over 60 Concession",-1,-1,-1
2012-03-01,66,"Disabled Concession",14434,478,30.1966527196653
2012-03-01,51,"Disabled Concession",95020,2771,34.290869722122
2012-03-01,61,"Over 60 Concession",98530,5108,19.2893500391543
2012-03-01,31,"Disabled Concession",41371,1210,34.1909090909091
2012-03-01,16,"Disabled Concession",2882,246,11.7154471544715
2012-03-01,61,"Disabled Concession",113678,3671,30.9664941432852
2012-03-01,21,"Disabled Concession",25074,972,25.7962962962963
2012-03-01,26,"Disabled Concession",34620,1198,28.89816360601
2012-03-01,76,"Over 60 Concession",1002342,45867,21.8532278108444
2012-03-01,46,"Disabled Concession",80088,2380,33.6504201680672
2012-03-01,71,"Disabled Concession",267,11,24.2727272727273
2012-03-01,41,"Disabled Concession",56573,1667,33.9370125974805
2012-03-01,10,"Disabled Concession",797,77,10.3506493506494
2012-03-01,81,"Over 60 Concession",1416492,64890,21.8291262135922
2012-03-01,66,"Over 60 Concession",1113155,56153,19.8236069310633
2012-03-01,5,"Disabled Concession",-1,-1,-1
2012-04-01,0,"Disabled Concession",-1,-1,-1
2012-04-01,31,"Disabled Concession",36733,1206,30.4585406301824
2012-04-01,66,"Disabled Concession",11953,442,27.0429864253394
2012-04-01,76,"Over 60 Concession",842956,42986,19.6100125622296
2012-04-01,46,"Disabled Concession",70219,2321,30.2537699267557
2012-04-01,5,"Disabled Concession",-1,-1,-1
2012-04-01,36,"Over 60 Concession",-1,-1,-1
2012-04-01,51,"Disabled Concession",83605,2756,30.3356313497823
2012-04-01,71,"Over 60 Concession",918560,48515,18.9335257136968
2012-04-01,81,"Disabled Concession",173,12,14.4166666666667
2012-04-01,61,"Disabled Concession",99845,3553,28.1016042780749
2012-04-01,16,"Disabled Concession",3409,263,12.9619771863118
2012-04-01,81,"Over 60 Concession",1167649,60255,19.3784582192349
2012-04-01,71,"Disabled Concession",-1,-1,-1
2012-04-01,10,"Disabled Concession",1205,91,13.2417582417582
2012-04-01,26,"Disabled Concession",29765,1165,25.549356223176
2012-04-01,61,"Over 60 Concession",90327,5189,17.4074002698015
2012-04-01,56,"Disabled Concession",88578,2984,29.6843163538874
2012-04-01,21,"Disabled Concession",21697,977,22.2077789150461
2012-04-01,76,"Disabled Concession",-1,-1,-1
2012-04-01,41,"Disabled Concession",51345,1649,31.137052759248
2012-04-01,66,"Over 60 Concession",949553,52733,18.0068078812129
2012-04-01,36,"Disabled Concession",37772,1249,30.2417934347478
2012-04-01,46,"Over 60 Concession",-1,-1,-1
2012-05-01,76,"Over 60 Concession",984415,45275,21.7430149088901
2012-05-01,61,"Over 60 Concession",120732,6276,19.2370936902486
2012-05-01,51,"Disabled Concession",94567,2822,33.5106307583274
2012-05-01,36,"Disabled Concession",44225,1263,35.0158353127474
2012-05-01,71,"Disabled Concession",216,11,19.6363636363636
2012-05-01,36,"Over 60 Concession",-1,-1,-1
2012-05-01,5,"Disabled Concession",-1,-1,-1
2012-05-01,56,"Disabled Concession",100415,3084,32.5599870298314
2012-05-01,46,"Over 60 Concession",-1,-1,-1
2012-05-01,81,"Disabled Concession",130,12,10.8333333333333
2012-05-01,16,"Disabled Concession",3073,233,13.1888412017167
2012-05-01,76,"Disabled Concession",-1,-1,-1
2012-05-01,31,"Disabled Concession",41839,1231,33.9878147847279
2012-05-01,0,"Disabled Concession",-1,-1,-1
2012-05-01,81,"Over 60 Concession",1371614,63518,21.5940993104317
2012-05-01,46,"Disabled Concession",78219,2430,32.1888888888889
2012-05-01,26,"Disabled Concession",33756,1186,28.4620573355818
2012-05-01,66,"Over 60 Concession",1099708,55370,19.8610800072241
2012-05-01,10,"Disabled Concession",873,82,10.6463414634146
2012-05-01,66,"Disabled Concession",13815,448,30.8370535714286
2012-05-01,21,"Disabled Concession",25940,993,26.122860020141
2012-05-01,41,"Disabled Concession",57247,1685,33.9744807121662
2012-05-01,71,"Over 60 Concession",1063419,51230,20.7577396056998
2012-05-01,61,"Disabled Concession",114233,3691,30.9490652939583
2012-06-01,61,"Over 60 Concession",118155,6395,18.4761532447224
2012-06-01,26,"Disabled Concession",29636,1141,25.9737072743208
2012-06-01,56,"Disabled Concession",93906,3060,30.6882352941176
2012-06-01,16,"Disabled Concession",3547,265,13.3849056603774
2012-06-01,76,"Over 60 Concession",916153,44506,20.5849323686694
2012-06-01,76,"Disabled Concession",-1,-1,-1
2012-06-01,66,"Over 60 Concession",1029190,54833,18.7695365929276
2012-06-01,41,"Disabled Concession",52938,1668,31.7374100719424
2012-06-01,10,"Disabled Concession",1062,90,11.8
2012-06-01,81,"Disabled Concession",142,13,10.9230769230769
2012-06-01,46,"Over 60 Concession",-1,-1,-1
2012-06-01,61,"Disabled Concession",106057,3605,29.4194174757282
2012-06-01,36,"Over 60 Concession",-1,-1,-1
2012-06-01,51,"Disabled Concession",88897,2773,32.0580598629643
2012-06-01,21,"Disabled Concession",24233,994,24.3792756539235
2012-06-01,5,"Disabled Concession",-1,-1,-1
2012-06-01,71,"Disabled Concession",125,11,11.3636363636364
2012-06-01,66,"Disabled Concession",12010,417,28.8009592326139
2012-06-01,36,"Disabled Concession",40471,1256,32.2221337579618
2012-06-01,46,"Disabled Concession",73896,2416,30.5860927152318
2012-06-01,31,"Disabled Concession",37820,1209,31.2820512820513
2012-06-01,71,"Over 60 Concession",995115,50317,19.776914362939
2012-06-01,0,"Disabled Concession",-1,-1,-1
2012-06-01,81,"Over 60 Concession",1259135,61914,20.3368381949155
2012-07-01,66,"Disabled Concession",12161,411,29.5888077858881
2012-07-01,56,"Disabled Concession",99551,3084,32.279831387808
2012-07-01,36,"Disabled Concession",42706,1265,33.7596837944664
2012-07-01,0,"Disabled Concession",-1,-1,-1
2012-07-01,36,"Over 60 Concession",-1,-1,-1
2012-07-01,51,"Disabled Concession",94374,2792,33.8015759312321
2012-07-01,61,"Over 60 Concession",137266,7139,19.2276229163748
2012-07-01,81,"Over 60 Concession",1352316,62748,21.5515394912985
2012-07-01,46,"Disabled Concession",78075,2393,32.6264103635604
2012-07-01,81,"Disabled Concession",207,13,15.9230769230769
2012-07-01,5,"Disabled Concession",-1,-1,-1
2012-07-01,10,"Disabled Concession",1314,96,13.6875
2012-07-01,31,"Disabled Concession",39583,1254,31.5653907496013
2012-07-01,16,"Disabled Concession",4032,274,14.7153284671533
2012-07-01,41,"Disabled Concession",57108,1701,33.5731922398589
2012-07-01,76,"Disabled Concession",-1,-1,-1
2012-07-01,46,"Over 60 Concession",-1,-1,-1
2012-07-01,21,"Disabled Concession",23566,995,23.6844221105528
2012-07-01,61,"Disabled Concession",112858,3667,30.7766566675757
2012-07-01,66,"Over 60 Concession",1104290,55603,19.8602593385249
2012-07-01,71,"Disabled Concession",257,10,25.7
2012-07-01,26,"Disabled Concession",31390,1177,26.6694987255735
2012-07-01,76,"Over 60 Concession",985003,45192,21.7959594618517
2012-07-01,71,"Over 60 Concession",1065272,51189,20.8105647697748
2012-08-01,76,"Over 60 Concession",994862,45276,21.9732750242954
2012-08-01,5,"Disabled Concession",-1,-1,-1
2012-08-01,71,"Disabled Concession",305,10,30.5
2012-08-01,46,"Over 60 Concession",-1,-1,-1
2012-08-01,71,"Over 60 Concession",1067697,51228,20.8420590302179
2012-08-01,16,"Disabled Concession",4694,298,15.751677852349
2012-08-01,31,"Disabled Concession",39436,1237,31.8803556992724
2012-08-01,10,"Disabled Concession",1751,109,16.0642201834862
2012-08-01,56,"Disabled Concession",99739,3058,32.6157619359058
2012-08-01,46,"Disabled Concession",79606,2396,33.2245409015025
2012-08-01,21,"Disabled Concession",23047,965,23.8829015544041
2012-08-01,66,"Disabled Concession",11435,388,29.4716494845361
2012-08-01,76,"Disabled Concession",-1,-1,-1
2012-08-01,81,"Disabled Concession",291,12,24.25
2012-08-01,0,"Disabled Concession",-1,-1,-1
2012-08-01,61,"Disabled Concession",113009,3615,31.2611341632089
2012-08-01,81,"Over 60 Concession",1373647,62466,21.9903147312138
2012-08-01,41,"Disabled Concession",56185,1684,33.3640142517815
2012-08-01,26,"Disabled Concession",31933,1131,28.2343059239611
2012-08-01,36,"Disabled Concession",41726,1261,33.0896114195083
2012-08-01,16,"Over 60 Concession",-1,-1,-1
2012-08-01,36,"Over 60 Concession",-1,-1,-1
2012-08-01,66,"Over 60 Concession",1105464,55867,19.7874237027225
2012-08-01,51,"Disabled Concession",95627,2767,34.5598120708348
2012-08-01,61,"Over 60 Concession",143630,7285,19.7158544955388
2012-09-01,66,"Disabled Concession",10835,380,28.5131578947368
2012-09-01,66,"Over 60 Concession",1081012,55869,19.3490486674184
2012-09-01,81,"Over 60 Concession",1322387,62337,21.2135168519499
2012-09-01,51,"Disabled Concession",94725,2793,33.9151450053706
2012-09-01,41,"Disabled Concession",54978,1693,32.4737152982871
2012-09-01,61,"Over 60 Concession",150019,7784,19.2727389516958
2012-09-01,31,"Disabled Concession",40050,1244,32.1945337620579
2012-09-01,46,"Over 60 Concession",-1,-1,-1
2012-09-01,61,"Disabled Concession",111601,3612,30.8972868217054
2012-09-01,71,"Over 60 Concession",1034347,51158,20.2186754759764
2012-09-01,21,"Disabled Concession",24737,997,24.8114343029087
2012-09-01,46,"Disabled Concession",79222,2405,32.9405405405405
2012-09-01,76,"Over 60 Concession",962291,45230,21.2755029847446
2012-09-01,36,"Over 60 Concession",-1,-1,-1
2012-09-01,5,"Disabled Concession",-1,-1,-1
2012-09-01,71,"Disabled Concession",288,10,28.8
2012-09-01,81,"Disabled Concession",297,12,24.75
2012-09-01,0,"Disabled Concession",-1,-1,-1
2012-09-01,26,"Disabled Concession",31601,1143,27.6474190726159
2012-09-01,16,"Disabled Concession",3949,272,14.5183823529412
2012-09-01,36,"Disabled Concession",41619,1263,32.9524940617577
2012-09-01,76,"Disabled Concession",-1,-1,-1
2012-09-01,10,"Disabled Concession",1325,102,12.9901960784314
2012-09-01,56,"Disabled Concession",97839,3111,31.4493731918997
2012-10-01,0,"Disabled Concession",-1,-1,-1
2012-10-01,36,"Disabled Concession",44225,1280,34.55078125
2012-10-01,46,"Over 60 Concession",-1,-1,-1
2012-10-01,31,"Disabled Concession",42432,1242,34.1642512077295
2012-10-01,61,"Disabled Concession",113694,3575,31.8025174825175
2012-10-01,61,"Over 60 Concession",163962,8155,20.1057020232986
2012-10-01,81,"Over 60 Concession",1396569,62418,22.3744592905893
2012-10-01,76,"Disabled Concession",-1,-1,-1
2012-10-01,66,"Disabled Concession",10641,358,29.7234636871508
2012-10-01,66,"Over 60 Concession",1157444,57234,20.2230142922039
2012-10-01,10,"Disabled Concession",1162,96,12.1041666666667
2012-10-01,41,"Disabled Concession",56636,1682,33.6718192627824
2012-10-01,46,"Disabled Concession",83161,2380,34.9415966386555
2012-10-01,76,"Over 60 Concession",1027175,45922,22.3678193458473
2012-10-01,71,"Over 60 Concession",1112622,52384,21.2397296884545
2012-10-01,26,"Disabled Concession",34413,1164,29.5644329896907
2012-10-01,51,"Disabled Concession",98124,2794,35.1195418754474
2012-10-01,16,"Disabled Concession",3715,289,12.8546712802768
2012-10-01,71,"Disabled Concession",347,10,34.7
2012-10-01,21,"Disabled Concession",25985,988,26.3006072874494
2012-10-01,81,"Disabled Concession",286,12,23.8333333333333
2012-10-01,5,"Disabled Concession",-1,-1,-1
2012-10-01,36,"Over 60 Concession",-1,-1,-1
2012-10-01,56,"Disabled Concession",102536,3077,33.3233669158271
2012-11-01,76,"Disabled Concession",-1,-1,-1
2012-11-01,51,"Disabled Concession",92416,2793,33.0884353741497
2012-11-01,26,"Disabled Concession",31890,1160,27.4913793103448
2012-11-01,76,"Over 60 Concession",965415,45719,21.1162755090881
2012-11-01,0,"Disabled Concession",-1,-1,-1
2012-11-01,16,"Disabled Concession",3830,291,13.1615120274914
2012-11-01,66,"Over 60 Concession",1112539,57562,19.3276640839443
2012-11-01,10,"Disabled Concession",1125,86,13.0813953488372
2012-11-01,61,"Disabled Concession",105684,3515,30.0665718349929
2012-11-01,46,"Disabled Concession",76268,2367,32.2213772708069
2012-11-01,21,"Disabled Concession",25738,984,26.1565040650407
2012-11-01,46,"Over 60 Concession",-1,-1,-1
2012-11-01,56,"Disabled Concession",95732,3027,31.6260323752891
2012-11-01,31,"Disabled Concession",39215,1210,32.4090909090909
2012-11-01,36,"Over 60 Concession",-1,-1,-1
2012-11-01,81,"Disabled Concession",263,15,17.5333333333333
2012-11-01,66,"Disabled Concession",9713,348,27.9109195402299
2012-11-01,71,"Over 60 Concession",1064490,52379,20.3228393058287
2012-11-01,61,"Over 60 Concession",169619,8776,19.3275979945305
2012-11-01,81,"Over 60 Concession",1281824,61071,20.9890782859295
2012-11-01,5,"Disabled Concession",91,10,9.1
2012-11-01,41,"Disabled Concession",53640,1662,32.2743682310469
2012-11-01,36,"Disabled Concession",41068,1289,31.8603568657874
2012-11-01,71,"Disabled Concession",239,10,23.9
2012-12-01,31,"Disabled Concession",33622,1225,27.4465306122449
2012-12-01,21,"Disabled Concession",21644,1018,21.2612966601179
2012-12-01,41,"Disabled Concession",47383,1653,28.664851784634
2012-12-01,71,"Disabled Concession",218,10,21.8
2012-12-01,36,"Over 60 Concession",-1,-1,-1
2012-12-01,71,"Over 60 Concession",939212,51652,18.1834585301634
2012-12-01,66,"Disabled Concession",8260,322,25.6521739130435
2012-12-01,36,"Disabled Concession",35537,1248,28.4751602564103
2012-12-01,46,"Over 60 Concession",-1,-1,-1
2012-12-01,0,"Disabled Concession",-1,-1,-1
2012-12-01,51,"Disabled Concession",80813,2757,29.3119332607907
2012-12-01,5,"Disabled Concession",121,11,11
2012-12-01,61,"Over 60 Concession",155649,8997,17.3001000333444
2012-12-01,26,"Disabled Concession",27431,1147,23.9154315605929
2012-12-01,81,"Disabled Concession",239,12,19.9166666666667
2012-12-01,81,"Over 60 Concession",1065718,58251,18.2952739008772
2012-12-01,46,"Disabled Concession",67776,2340,28.9641025641026
2012-12-01,76,"Over 60 Concession",837834,44494,18.8302692497865
2012-12-01,16,"Disabled Concession",3569,297,12.016835016835
2012-12-01,10,"Disabled Concession",1009,87,11.5977011494253
2012-12-01,61,"Disabled Concession",91702,3439,26.6653096830474
2012-12-01,56,"Disabled Concession",85858,3036,28.2799736495389
2012-12-01,76,"Disabled Concession",-1,-1,-1
2012-12-01,66,"Over 60 Concession",998369,57242,17.4411970231648
2013-01-01,81,"Disabled Concession",138,13,10.6153846153846
2013-01-01,66,"Over 60 Concession",995848,57084,17.445308667928
2013-01-01,41,"Disabled Concession",47835,1635,29.256880733945
2013-01-01,0,"Disabled Concession",-1,-1,-1
2013-01-01,36,"Over 60 Concession",-1,-1,-1
2013-01-01,5,"Disabled Concession",118,13,9.07692307692308
2013-01-01,76,"Disabled Concession",-1,-1,-1
2013-01-01,61,"Disabled Concession",90110,3418,26.3633703920421
2013-01-01,10,"Disabled Concession",1182,100,11.82
2013-01-01,21,"Disabled Concession",22870,1006,22.7335984095427
2013-01-01,81,"Over 60 Concession",975027,56671,17.2050431437596
2013-01-01,71,"Disabled Concession",-1,-1,-1
2013-01-01,51,"Disabled Concession",80296,2732,29.3909224011713
2013-01-01,56,"Disabled Concession",84915,2953,28.7555028784287
2013-01-01,71,"Over 60 Concession",924259,51134,18.075233699691
2013-01-01,76,"Over 60 Concession",801556,43908,18.2553520998451
2013-01-01,61,"Over 60 Concession",164479,9479,17.3519358582129
2013-01-01,26,"Disabled Concession",28847,1130,25.5283185840708
2013-01-01,66,"Disabled Concession",7372,302,24.4105960264901
2013-01-01,31,"Disabled Concession",34730,1207,28.7738193869097
2013-01-01,16,"Disabled Concession",3525,307,11.4820846905537
2013-01-01,46,"Disabled Concession",68534,2319,29.5532557136697
2013-01-01,36,"Disabled Concession",37217,1236,30.1108414239482
2013-02-01,71,"Disabled Concession",-1,-1,-1
2013-02-01,21,"Disabled Concession",22691,1013,22.3998025666338
2013-02-01,61,"Disabled Concession",88212,3410,25.8686217008798
2013-02-01,41,"Disabled Concession",47211,1658,28.4746682750302
2013-02-01,61,"Over 60 Concession",162475,9267,17.5326427106939
2013-02-01,46,"Over 60 Concession",-1,-1,-1
2013-02-01,36,"Over 60 Concession",-1,-1,-1
2013-02-01,81,"Over 60 Concession",1002638,55782,17.9742210748987
2013-02-01,36,"Disabled Concession",37326,1281,29.1381733021077
2013-02-01,66,"Over 60 Concession",954000,55050,17.3297002724796
2013-02-01,51,"Disabled Concession",78516,2751,28.5408942202835
2013-02-01,0,"Disabled Concession",-1,-1,-1
2013-02-01,46,"Disabled Concession",68028,2328,29.2216494845361
2013-02-01,56,"Disabled Concession",83541,2968,28.1472371967655
2013-02-01,66,"Disabled Concession",7373,281,26.2384341637011
2013-02-01,31,"Disabled Concession",33576,1188,28.2626262626263
2013-02-01,5,"Disabled Concession",131,14,9.35714285714286
2013-02-01,76,"Disabled Concession",-1,-1,-1
2013-02-01,16,"Disabled Concession",3891,315,12.352380952381
2013-02-01,76,"Over 60 Concession",796615,42883,18.5764755264324
2013-02-01,81,"Disabled Concession",214,10,21.4
2013-02-01,10,"Disabled Concession",1245,106,11.7452830188679
2013-02-01,71,"Over 60 Concession",893381,49618,18.0051795719295
2013-02-01,26,"Disabled Concession",29346,1155,25.4077922077922
2013-03-01,61,"Over 60 Concession",186877,10126,18.455164921983
2013-03-01,81,"Over 60 Concession",1034175,55561,18.6133258940624
2013-03-01,36,"Over 60 Concession",-1,-1,-1
2013-03-01,41,"Disabled Concession",51832,1675,30.9444776119403
2013-03-01,5,"Disabled Concession",146,17,8.58823529411765
2013-03-01,0,"Disabled Concession",-1,-1,-1
2013-03-01,36,"Disabled Concession",39431,1270,31.048031496063
2013-03-01,56,"Disabled Concession",88917,2990,29.738127090301
2013-03-01,66,"Disabled Concession",6999,272,25.7316176470588
2013-03-01,16,"Disabled Concession",3936,311,12.6559485530547
2013-03-01,51,"Disabled Concession",86756,2790,31.0953405017921
2013-03-01,10,"Disabled Concession",1295,104,12.4519230769231
2013-03-01,81,"Disabled Concession",242,10,24.2
2013-03-01,26,"Disabled Concession",32291,1159,27.8610871440897
2013-03-01,46,"Over 60 Concession",-1,-1,-1
2013-03-01,31,"Disabled Concession",36488,1211,30.130470685384
2013-03-01,71,"Disabled Concession",-1,-1,-1
2013-03-01,71,"Over 60 Concession",952576,50056,19.0302061690906
2013-03-01,46,"Disabled Concession",73802,2366,31.1927303465765
2013-03-01,76,"Over 60 Concession",842202,43280,19.4593807763401
2013-03-01,76,"Disabled Concession",-1,-1,-1
2013-03-01,21,"Disabled Concession",24192,993,24.3625377643505
2013-03-01,61,"Disabled Concession",93622,3368,27.7975059382423
2013-03-01,66,"Over 60 Concession",1033624,56162,18.4043303301164
2013-04-01,81,"Disabled Concession",245,10,24.5
2013-04-01,56,"Disabled Concession",95501,3030,31.5184818481848
2013-04-01,76,"Disabled Concession",-1,-1,-1
2013-04-01,76,"Over 60 Concession",897042,43598,20.5753016193403
2013-04-01,16,"Disabled Concession",4578,338,13.5443786982249
2013-04-01,26,"Disabled Concession",33336,1185,28.1316455696203
2013-04-01,71,"Disabled Concession",-1,-1,-1
2013-04-01,10,"Disabled Concession",1735,116,14.9568965517241
2013-04-01,0,"Disabled Concession",-1,-1,-1
2013-04-01,31,"Disabled Concession",38098,1220,31.227868852459
2013-04-01,36,"Over 60 Concession",-1,-1,-1
2013-04-01,21,"Disabled Concession",25808,1038,24.8631984585742
2013-04-01,81,"Over 60 Concession",1138314,56239,20.2406515051832
2013-04-01,61,"Over 60 Concession",198614,10289,19.303528039654
2013-04-01,41,"Disabled Concession",53742,1678,32.0274135876043
2013-04-01,5,"Disabled Concession",197,17,11.5882352941176
2013-04-01,46,"Disabled Concession",76308,2390,31.9280334728033
2013-04-01,66,"Disabled Concession",7289,279,26.1254480286738
2013-04-01,61,"Disabled Concession",101207,3401,29.758012349309
2013-04-01,66,"Over 60 Concession",1063584,55950,19.0095442359249
2013-04-01,36,"Disabled Concession",40915,1271,32.1911880409127
2013-04-01,51,"Disabled Concession",90403,2810,32.1718861209964
2013-04-01,71,"Over 60 Concession",998370,50362,19.8238751439577
2013-05-01,51,"Disabled Concession",96212,2843,33.8417164966585
2013-05-01,31,"Disabled Concession",40600,1246,32.5842696629214
2013-05-01,16,"Disabled Concession",4757,335,14.2
2013-05-01,76,"Over 60 Concession",941519,43587,21.6009131162961
2013-05-01,10,"Disabled Concession",1805,126,14.3253968253968
2013-05-01,71,"Disabled Concession",-1,-1,-1
2013-05-01,5,"Disabled Concession",179,16,11.1875
2013-05-01,71,"Over 60 Concession",1048780,50177,20.9016083065947
2013-05-01,81,"Over 60 Concession",1197305,56287,21.2714303480377
2013-05-01,46,"Disabled Concession",81716,2418,33.7948717948718
2013-05-01,61,"Disabled Concession",106466,3436,30.9854481955763
2013-05-01,66,"Over 60 Concession",1115128,56042,19.898076442668
2013-05-01,21,"Disabled Concession",26658,1042,25.5834932821497
2013-05-01,36,"Over 60 Concession",-1,-1,-1
2013-05-01,81,"Disabled Concession",287,11,26.0909090909091
2013-05-01,41,"Disabled Concession",57594,1692,34.0390070921986
2013-05-01,0,"Disabled Concession",-1,-1,-1
2013-05-01,76,"Disabled Concession",-1,-1,-1
2013-05-01,26,"Disabled Concession",32916,1176,27.9897959183673
2013-05-01,61,"Over 60 Concession",218327,10853,20.116741914678
2013-05-01,66,"Disabled Concession",7413,270,27.4555555555556
2013-05-01,56,"Disabled Concession",100628,3049,33.0036077402427
2013-05-01,36,"Disabled Concession",42403,1286,32.9727838258165
2013-06-01,71,"Over 60 Concession",1057398,50496,20.9402328897338
2013-06-01,76,"Over 60 Concession",952399,43697,21.7955237201639
2013-06-01,41,"Disabled Concession",57660,1693,34.0578854105139
2013-06-01,61,"Disabled Concession",108491,3464,31.3195727482679
2013-06-01,36,"Over 60 Concession",-1,-1,-1
2013-06-01,46,"Disabled Concession",82433,2461,33.4957334416904
2013-06-01,5,"Disabled Concession",165,17,9.70588235294118
2013-06-01,76,"Disabled Concession",-1,-1,-1
2013-06-01,56,"Disabled Concession",102983,3083,33.4035030814142
2013-06-01,36,"Disabled Concession",42041,1305,32.2153256704981
2013-06-01,0,"Disabled Concession",-1,-1,-1
2013-06-01,66,"Over 60 Concession",1126902,56357,19.9957769221215
2013-06-01,16,"Disabled Concession",4658,348,13.3850574712644
2013-06-01,21,"Disabled Concession",25604,1042,24.5719769673704
2013-06-01,61,"Over 60 Concession",223996,11109,20.1634710595013
2013-06-01,71,"Disabled Concession",-1,-1,-1
2013-06-01,81,"Disabled Concession",-1,-1,-1
2013-06-01,26,"Disabled Concession",33851,1204,28.1154485049834
2013-06-01,31,"Disabled Concession",41213,1260,32.7087301587302
2013-06-01,51,"Disabled Concession",97467,2855,34.139054290718
2013-06-01,10,"Disabled Concession",1723,114,15.1140350877193
2013-06-01,66,"Disabled Concession",7578,265,28.5962264150943
2013-06-01,81,"Over 60 Concession",1209173,56402,21.4384773589589
2013-07-01,10,"Disabled Concession",1894,125,15.152
2013-07-01,66,"Over 60 Concession",1188202,57153,20.7898448025475
2013-07-01,41,"Disabled Concession",60242,1741,34.6019529006318
2013-07-01,0,"Disabled Concession",-1,-1,-1
2013-07-01,36,"Over 60 Concession",-1,-1,-1
2013-07-01,81,"Disabled Concession",-1,-1,-1
2013-07-01,61,"Disabled Concession",113670,3512,32.3661731207289
2013-07-01,81,"Over 60 Concession",1244311,56134,22.1667973064453
2013-07-01,76,"Over 60 Concession",1000614,44101,22.6891453708533
2013-07-01,21,"Disabled Concession",25126,1029,24.4178814382896
2013-07-01,5,"Disabled Concession",197,20,9.85
2013-07-01,26,"Disabled Concession",35326,1189,29.7106812447435
2013-07-01,46,"Disabled Concession",87299,2487,35.1021310816244
2013-07-01,56,"Disabled Concession",108155,3112,34.754177377892
2013-07-01,36,"Disabled Concession",44177,1312,33.671493902439
2013-07-01,71,"Over 60 Concession",1112824,51041,21.8025508904606
2013-07-01,76,"Disabled Concession",-1,-1,-1
2013-07-01,66,"Disabled Concession",7036,254,27.7007874015748
2013-07-01,16,"Disabled Concession",5519,372,14.8360215053763
2013-07-01,31,"Disabled Concession",43094,1289,33.4321179208689
2013-07-01,71,"Disabled Concession",-1,-1,-1
2013-07-01,51,"Disabled Concession",102658,2872,35.7444289693593
2013-07-01,61,"Over 60 Concession",245435,11708,20.9630167406901
2013-08-01,71,"Over 60 Concession",1099085,51014,21.5447720233661
2013-08-01,81,"Disabled Concession",235,11,21.3636363636364
2013-08-01,51,"Disabled Concession",100104,2853,35.087276550999
2013-08-01,71,"Disabled Concession",-1,-1,-1
2013-08-01,56,"Disabled Concession",104496,3096,33.7519379844961
2013-08-01,10,"Disabled Concession",2486,143,17.3846153846154
2013-08-01,0,"Disabled Concession",-1,-1,-1
2013-08-01,76,"Disabled Concession",-1,-1,-1
2013-08-01,81,"Over 60 Concession",1249207,55916,22.3407790256814
2013-08-01,41,"Disabled Concession",58470,1726,33.8760139049826
2013-08-01,66,"Over 60 Concession",1160517,56939,20.3817594267549
2013-08-01,21,"Disabled Concession",24420,1035,23.5942028985507
2013-08-01,46,"Disabled Concession",86938,2494,34.8588612670409
2013-08-01,5,"Disabled Concession",367,25,14.68
2013-08-01,26,"Disabled Concession",34391,1189,28.9243061396131
2013-08-01,36,"Over 60 Concession",-1,-1,-1
2013-08-01,61,"Disabled Concession",110793,3465,31.9748917748918
2013-08-01,36,"Disabled Concession",43750,1315,33.2699619771863
2013-08-01,16,"Disabled Concession",6693,391,17.1176470588235
2013-08-01,76,"Over 60 Concession",989898,43999,22.4981931407532
2013-08-01,31,"Disabled Concession",42827,1270,33.7220472440945
2013-08-01,66,"Disabled Concession",6207,220,28.2136363636364
2013-08-01,61,"Over 60 Concession",243817,11947,20.4082196367289
2013-09-01,46,"Disabled Concession",85786,2505,34.2459081836327
2013-09-01,10,"Disabled Concession",1790,134,13.3582089552239
2013-09-01,76,"Over 60 Concession",949908,43938,21.6192817151441
2013-09-01,36,"Disabled Concession",44105,1328,33.2115963855422
2013-09-01,16,"Disabled Concession",6867,408,16.8308823529412
2013-09-01,66,"Disabled Concession",5828,220,26.4909090909091
2013-09-01,5,"Disabled Concession",256,23,11.1304347826087
2013-09-01,81,"Over 60 Concession",1189360,55567,21.4040707614231
2013-09-01,61,"Disabled Concession",105907,3451,30.6887858591713
2013-09-01,36,"Over 60 Concession",-1,-1,-1
2013-09-01,51,"Disabled Concession",98253,2871,34.2225705329154
2013-09-01,41,"Disabled Concession",58019,1745,33.2487106017192
2013-09-01,71,"Over 60 Concession",1056244,50983,20.7175725241747
2013-09-01,0,"Disabled Concession",-1,-1,-1
2013-09-01,66,"Over 60 Concession",1129155,57153,19.756705684741
2013-09-01,61,"Over 60 Concession",250740,12647,19.8260457025382
2013-09-01,31,"Disabled Concession",43698,1279,34.1657544956998
2013-09-01,56,"Disabled Concession",101085,3099,32.6185866408519
2013-09-01,81,"Disabled Concession",184,10,18.4
2013-09-01,71,"Disabled Concession",-1,-1,-1
2013-09-01,76,"Disabled Concession",-1,-1,-1
2013-09-01,26,"Disabled Concession",35642,1210,29.4561983471074
2013-09-01,21,"Disabled Concession",26443,1093,24.1930466605672
2013-10-01,61,"Over 60 Concession",265162,12860,20.6191290824261
2013-10-01,36,"Disabled Concession",46615,1368,34.0752923976608
2013-10-01,66,"Over 60 Concession",1169501,57276,20.4186919477617
2013-10-01,41,"Disabled Concession",59684,1745,34.2028653295129
2013-10-01,76,"Disabled Concession",-1,-1,-1
2013-10-01,5,"Disabled Concession",345,26,13.2692307692308
2013-10-01,36,"Over 60 Concession",-1,-1,-1
2013-10-01,71,"Disabled Concession",-1,-1,-1
2013-10-01,46,"Disabled Concession",86508,2517,34.3694874851013
2013-10-01,56,"Disabled Concession",103860,3099,33.51403678606
2013-10-01,51,"Disabled Concession",102096,2907,35.1207430340557
2013-10-01,81,"Over 60 Concession",1205752,54984,21.929143023425
2013-10-01,76,"Over 60 Concession",979771,43967,22.2842359042009
2013-10-01,81,"Disabled Concession",-1,-1,-1
2013-10-01,0,"Disabled Concession",-1,-1,-1
2013-10-01,10,"Disabled Concession",1855,136,13.6397058823529
2013-10-01,16,"Disabled Concession",7601,443,17.1580135440181
2013-10-01,21,"Disabled Concession",27320,1087,25.1333946642134
2013-10-01,71,"Over 60 Concession",1095795,51344,21.3422210969149
2013-10-01,26,"Disabled Concession",37568,1233,30.4687753446878
2013-10-01,61,"Disabled Concession",105685,3362,31.4351576442594
2013-10-01,66,"Disabled Concession",5512,208,26.5
2013-10-01,31,"Disabled Concession",45448,1304,34.8527607361963
2013-11-01,61,"Over 60 Concession",271282,13702,19.7987155159831
2013-11-01,31,"Disabled Concession",43882,1316,33.3449848024316
2013-11-01,10,"Disabled Concession",1698,127,13.3700787401575
2013-11-01,51,"Disabled Concession",96009,2911,32.9814496736517
2013-11-01,16,"Disabled Concession",7503,433,17.3279445727483
2013-11-01,81,"Over 60 Concession",1152075,54304,21.2152880082499
2013-11-01,36,"Over 60 Concession",-1,-1,-1
2013-11-01,46,"Disabled Concession",82756,2526,32.7616785431512
2013-11-01,61,"Disabled Concession",99743,3326,29.9888755261575
2013-11-01,36,"Disabled Concession",45110,1373,32.8550619082302
2013-11-01,0,"Disabled Concession",-1,-1,-1
2013-11-01,76,"Over 60 Concession",953514,44303,21.522560548947
2013-11-01,71,"Disabled Concession",-1,-1,-1
2013-11-01,21,"Disabled Concession",25809,1075,24.0083720930233
2013-11-01,81,"Disabled Concession",-1,-1,-1
2013-11-01,66,"Over 60 Concession",1156001,58625,19.7185671641791
2013-11-01,41,"Disabled Concession",57499,1764,32.5958049886621
2013-11-01,56,"Disabled Concession",100270,3121,32.1275232297341
2013-11-01,66,"Disabled Concession",4669,181,25.7955801104972
2013-11-01,76,"Disabled Concession",-1,-1,-1
2013-11-01,5,"Disabled Concession",315,26,12.1153846153846
2013-11-01,71,"Over 60 Concession",1076592,51899,20.7439835064259
2013-11-01,26,"Disabled Concession",35900,1233,29.1159772911598
2013-12-01,16,"Disabled Concession",6787,431,15.7470997679814
2013-12-01,26,"Disabled Concession",32328,1216,26.5855263157895
2013-12-01,0,"Disabled Concession",-1,-1,-1
2013-12-01,36,"Over 60 Concession",-1,-1,-1
2013-12-01,51,"Disabled Concession",89229,2925,30.505641025641
2013-12-01,5,"Disabled Concession",328,24,13.6666666666667
2013-12-01,61,"Disabled Concession",91984,3303,27.8486224644263
2013-12-01,46,"Disabled Concession",76998,2524,30.5063391442155
2013-12-01,36,"Disabled Concession",40837,1364,29.9391495601173
2013-12-01,81,"Disabled Concession",-1,-1,-1
2013-12-01,71,"Over 60 Concession",985766,51786,19.0353763565442
2013-12-01,81,"Over 60 Concession",1011886,52541,19.2589787023467
2013-12-01,56,"Disabled Concession",92001,3106,29.6204121056021
2013-12-01,41,"Disabled Concession",52604,1766,29.7870894677237
2013-12-01,21,"Disabled Concession",23374,1068,21.8857677902622
2013-12-01,76,"Over 60 Concession",860615,43489,19.7892570535078
2013-12-01,71,"Disabled Concession",-1,-1,-1
2013-12-01,10,"Disabled Concession",1736,137,12.6715328467153
2013-12-01,66,"Disabled Concession",4089,169,24.1952662721894
2013-12-01,31,"Disabled Concession",40460,1287,31.4374514374514
2013-12-01,76,"Disabled Concession",-1,-1,-1
2013-12-01,61,"Over 60 Concession",258665,14079,18.3723986078557
2013-12-01,66,"Over 60 Concession",1069937,58835,18.1853828503442
2014-01-01,0,"Disabled Concession",-1,-1,-1
2014-01-01,10,"Disabled Concession",1569,121,12.9669421487603
2014-01-01,61,"Disabled Concession",95049,3194,29.7586098935504
2014-01-01,56,"Disabled Concession",99141,3078,32.2095516569201
2014-01-01,76,"Disabled Concession",-1,-1,-1
2014-01-01,81,"Over 60 Concession",1052093,50959,20.6458721717459
2014-01-01,5,"Disabled Concession",275,29,9.48275862068965
2014-01-01,36,"Over 60 Concession",-1,-1,-1
2014-01-01,46,"Disabled Concession",81366,2498,32.5724579663731
2014-01-01,21,"Disabled Concession",25475,1066,23.8977485928705
2014-01-01,51,"Disabled Concession",95218,2907,32.7547299621603
2014-01-01,26,"Disabled Concession",35515,1198,29.6452420701169
2014-01-01,16,"Disabled Concession",7707,423,18.2198581560284
2014-01-01,66,"Over 60 Concession",1111379,56358,19.7199865147805
2014-01-01,41,"Disabled Concession",56894,1757,32.3813318155948
2014-01-01,71,"Over 60 Concession",1023938,49948,20.5000800832866
2014-01-01,76,"Over 60 Concession",893192,42238,21.1466452010038
2014-01-01,81,"Disabled Concession",133,10,13.3
2014-01-01,36,"Disabled Concession",43749,1332,32.8445945945946
2014-01-01,66,"Disabled Concession",3944,141,27.9716312056738
2014-01-01,31,"Disabled Concession",42975,1268,33.8919558359621
2014-01-01,61,"Over 60 Concession",276482,13943,19.8294484687657
2014-01-01,71,"Disabled Concession",-1,-1,-1
2014-02-01,76,"Over 60 Concession",791736,40873,19.3706358720916
2014-02-01,61,"Disabled Concession",84606,3123,27.0912584053794
2014-02-01,71,"Over 60 Concession",909479,48098,18.9088735498358
2014-02-01,31,"Disabled Concession",40374,1293,31.2250580046404
2014-02-01,36,"Disabled Concession",40764,1327,30.7189148455162
2014-02-01,41,"Disabled Concession",52695,1722,30.6010452961672
2014-02-01,81,"Over 60 Concession",915953,49147,18.637007345311
2014-02-01,21,"Disabled Concession",23900,1068,22.3782771535581
2014-02-01,46,"Disabled Concession",75525,2468,30.6017017828201
2014-02-01,61,"Over 60 Concession",256061,13875,18.4548468468468
2014-02-01,0,"Disabled Concession",-1,-1,-1
2014-02-01,26,"Disabled Concession",33281,1181,28.1803556308213
2014-02-01,81,"Disabled Concession",-1,-1,-1
2014-02-01,66,"Disabled Concession",3354,132,25.4090909090909
2014-02-01,66,"Over 60 Concession",987818,54553,18.1074917969681
2014-02-01,51,"Disabled Concession",89435,2907,30.765393876849
2014-02-01,10,"Disabled Concession",1589,147,10.8095238095238
2014-02-01,36,"Over 60 Concession",-1,-1,-1
2014-02-01,16,"Disabled Concession",7556,454,16.6431718061674
2014-02-01,71,"Disabled Concession",-1,-1,-1
2014-02-01,5,"Disabled Concession",307,32,9.59375
2014-02-01,56,"Disabled Concession",90636,3064,29.5809399477807
2014-03-01,66,"Disabled Concession",3551,128,27.7421875
2014-03-01,36,"Over 60 Concession",-1,-1,-1
2014-03-01,81,"Over 60 Concession",1100942,51157,21.5208475868405
2014-03-01,66,"Over 60 Concession",1149949,56705,20.2794991623314
2014-03-01,76,"Over 60 Concession",933016,42464,21.9719291635268
2014-03-01,76,"Disabled Concession",-1,-1,-1
2014-03-01,21,"Disabled Concession",28811,1100,26.1918181818182
2014-03-01,41,"Disabled Concession",61096,1797,33.9988870339455
2014-03-01,16,"Disabled Concession",9009,492,18.3109756097561
2014-03-01,81,"Disabled Concession",-1,-1,-1
2014-03-01,36,"Disabled Concession",47957,1369,35.0306793279766
2014-03-01,26,"Disabled Concession",40340,1259,32.0413026211279
2014-03-01,10,"Disabled Concession",1726,147,11.7414965986395
2014-03-01,5,"Disabled Concession",341,32,10.65625
2014-03-01,31,"Disabled Concession",48029,1330,36.112030075188
2014-03-01,0,"Disabled Concession",-1,-1,-1
2014-03-01,46,"Disabled Concession",87217,2538,34.3644602048857
2014-03-01,61,"Over 60 Concession",313768,15185,20.6630227197893
2014-03-01,71,"Over 60 Concession",1062031,50141,21.1808898905088
2014-03-01,71,"Disabled Concession",-1,-1,-1
2014-03-01,56,"Disabled Concession",106578,3168,33.6420454545455
2014-03-01,51,"Disabled Concession",105495,2961,35.6281661600811
2014-03-01,61,"Disabled Concession",99323,3187,31.1650454973329
2014-04-01,76,"Over 60 Concession",903808,42070,21.4834323746137
2014-04-01,56,"Disabled Concession",104105,3139,33.1650207072316
2014-04-01,61,"Disabled Concession",96655,3145,30.7329093799682
2014-04-01,51,"Disabled Concession",102600,2984,34.3833780160858
2014-04-01,66,"Over 60 Concession",1103814,56349,19.5888835649257
2014-04-01,5,"Disabled Concession",427,38,11.2368421052632
2014-04-01,61,"Over 60 Concession",309393,15220,20.3280551905388
2014-04-01,81,"Over 60 Concession",1065726,50489,21.1080829487611
2014-04-01,36,"Disabled Concession",45359,1374,33.0123726346434
2014-04-01,0,"Disabled Concession",-1,-1,-1
2014-04-01,76,"Disabled Concession",-1,-1,-1
2014-04-01,21,"Disabled Concession",27542,1158,23.7841105354059
2014-04-01,71,"Over 60 Concession",1028282,49833,20.6345594284912
2014-04-01,81,"Disabled Concession",-1,-1,-1
2014-04-01,10,"Disabled Concession",2007,160,12.54375
2014-04-01,36,"Over 60 Concession",-1,-1,-1
2014-04-01,31,"Disabled Concession",46513,1348,34.5051928783383
2014-04-01,41,"Disabled Concession",59088,1799,32.8449138410228
2014-04-01,46,"Disabled Concession",85431,2545,33.5681728880157
2014-04-01,26,"Disabled Concession",38936,1291,30.1595662277304
2014-04-01,71,"Disabled Concession",-1,-1,-1
2014-04-01,16,"Disabled Concession",8453,504,16.7718253968254
2014-04-01,66,"Disabled Concession",3455,118,29.2796610169492
2014-05-01,71,"Over 60 Concession",1054899,49492,21.3145356825346
2014-05-01,31,"Disabled Concession",47936,1363,35.1694790902421
2014-05-01,81,"Over 60 Concession",1078465,49929,21.5999719601835
2014-05-01,56,"Disabled Concession",107079,3169,33.7895235089934
2014-05-01,41,"Disabled Concession",62209,1829,34.0125751776927
2014-05-01,21,"Disabled Concession",29358,1152,25.484375
2014-05-01,26,"Disabled Concession",39970,1301,30.7225211375865
2014-05-01,76,"Over 60 Concession",921336,41912,21.9826302729529
2014-05-01,36,"Disabled Concession",49135,1423,34.5291637385805
2014-05-01,46,"Disabled Concession",89627,2557,35.0516229956981
2014-05-01,71,"Disabled Concession",-1,-1,-1
2014-05-01,10,"Disabled Concession",2052,146,14.0547945205479
2014-05-01,16,"Disabled Concession",8841,497,17.7887323943662
2014-05-01,66,"Over 60 Concession",1142357,56489,20.2226451167484
2014-05-01,36,"Over 60 Concession",-1,-1,-1
2014-05-01,61,"Disabled Concession",99945,3165,31.5781990521327
2014-05-01,81,"Disabled Concession",-1,-1,-1
2014-05-01,61,"Over 60 Concession",330786,16073,20.5802277110683
2014-05-01,76,"Disabled Concession",-1,-1,-1
2014-05-01,66,"Disabled Concession",3188,117,27.2478632478632
2014-05-01,51,"Disabled Concession",104850,2992,35.043449197861
2014-05-01,5,"Disabled Concession",466,46,10.1304347826087
2014-05-01,0,"Disabled Concession",-1,-1,-1
2014-06-01,36,"Over 60 Concession",-1,-1,-1
2014-06-01,56,"Disabled Concession",109783,3207,34.2323043342688
2014-06-01,46,"Disabled Concession",89421,2598,34.419168591224
2014-06-01,0,"Disabled Concession",-1,-1,-1
2014-06-01,51,"Disabled Concession",106437,3047,34.9317361339022
2014-06-01,66,"Over 60 Concession",1159868,56628,20.4822349367804
2014-06-01,5,"Disabled Concession",393,36,10.9166666666667
2014-06-01,61,"Disabled Concession",102551,3164,32.4118204804046
2014-06-01,41,"Disabled Concession",64282,1850,34.747027027027
2014-06-01,21,"Disabled Concession",28889,1182,24.4407783417936
2014-06-01,26,"Disabled Concession",40105,1312,30.5678353658537
2014-06-01,66,"Disabled Concession",2468,86,28.6976744186047
2014-06-01,81,"Disabled Concession",118,10,11.8
2014-06-01,31,"Disabled Concession",46987,1354,34.7023633677991
2014-06-01,61,"Over 60 Concession",341331,16315,20.9212994177138
2014-06-01,81,"Over 60 Concession",1080899,49876,21.6717258801829
2014-06-01,36,"Disabled Concession",49301,1421,34.6945812807882
2014-06-01,76,"Over 60 Concession",936874,42259,22.1698099813058
2014-06-01,10,"Disabled Concession",1903,156,12.1987179487179
2014-06-01,16,"Disabled Concession",9416,497,18.9456740442656
2014-06-01,71,"Over 60 Concession",1067363,49903,21.3887541831152
2014-06-01,71,"Disabled Concession",-1,-1,-1
2014-06-01,76,"Disabled Concession",-1,-1,-1
2014-07-01,76,"Over 60 Concession",998567,42815,23.3228307836039
2014-07-01,36,"Disabled Concession",50506,1424,35.4676966292135
2014-07-01,56,"Disabled Concession",116414,3290,35.3841945288754
2014-07-01,10,"Disabled Concession",2400,175,13.7142857142857
2014-07-01,71,"Over 60 Concession",1140846,50873,22.4253729876359
2014-07-01,81,"Disabled Concession",-1,-1,-1
2014-07-01,5,"Disabled Concession",736,52,14.1538461538462
2014-07-01,66,"Disabled Concession",2246,83,27.0602409638554
2014-07-01,51,"Disabled Concession",114171,3078,37.0925925925926
2014-07-01,61,"Disabled Concession",104780,3150,33.2634920634921
2014-07-01,81,"Over 60 Concession",1143330,49919,22.9037040004808
2014-07-01,31,"Disabled Concession",48727,1327,36.7196684250188
2014-07-01,0,"Disabled Concession",-1,-1,-1
2014-07-01,26,"Disabled Concession",42562,1310,32.4900763358779
2014-07-01,61,"Over 60 Concession",377910,17436,21.6741225051617
2014-07-01,41,"Disabled Concession",65989,1854,35.5927723840345
2014-07-01,16,"Disabled Concession",9337,511,18.2720156555773
2014-07-01,46,"Disabled Concession",94202,2597,36.2733923758183
2014-07-01,36,"Over 60 Concession",-1,-1,-1
2014-07-01,21,"Disabled Concession",30285,1183,25.6001690617075
2014-07-01,76,"Disabled Concession",-1,-1,-1
2014-07-01,71,"Disabled Concession",-1,-1,-1
2014-07-01,66,"Over 60 Concession",1237642,58008,21.3357123155427
2014-08-01,10,"Disabled Concession",3019,182,16.5879120879121
2014-08-01,0,"Disabled Concession",-1,-1,-1
2014-08-01,71,"Disabled Concession",-1,-1,-1
2014-08-01,61,"Disabled Concession",98036,3057,32.0693490350016
2014-08-01,16,"Disabled Concession",9401,493,19.0689655172414
2014-08-01,36,"Disabled Concession",46419,1371,33.8577680525164
2014-08-01,81,"Over 60 Concession",1071671,48622,22.0408662745259
2014-08-01,5,"Disabled Concession",932,52,17.9230769230769
2014-08-01,31,"Disabled Concession",46255,1314,35.2016742770167
2014-08-01,76,"Over 60 Concession",934053,41685,22.4074127383951
2014-08-01,66,"Disabled Concession",1689,65,25.9846153846154
2014-08-01,61,"Over 60 Concession",359094,17293,20.7652807494362
2014-08-01,71,"Over 60 Concession",1071271,49823,21.5015354354415
2014-08-01,21,"Disabled Concession",28652,1166,24.5728987993139
2014-08-01,26,"Disabled Concession",40100,1308,30.6574923547401
2014-08-01,76,"Disabled Concession",-1,-1,-1
2014-08-01,81,"Disabled Concession",-1,-1,-1
2014-08-01,46,"Disabled Concession",90283,2558,35.2943706020328
2014-08-01,41,"Disabled Concession",61461,1803,34.0881863560732
2014-08-01,66,"Over 60 Concession",1155733,56996,20.2774405221419
2014-08-01,56,"Disabled Concession",109572,3247,33.7456113335386
2014-08-01,51,"Disabled Concession",107671,3052,35.2788335517693
2014-09-01,21,"Disabled Concession",30795,1204,25.5772425249169
2014-09-01,46,"Disabled Concession",94715,2595,36.4990366088632
2014-09-01,76,"Over 60 Concession",973703,42478,22.9225246009699
2014-09-01,31,"Disabled Concession",48762,1345,36.2542750929368
2014-09-01,71,"Over 60 Concession",1109878,50494,21.9803937101438
2014-09-01,0,"Disabled Concession",-1,-1,-1
2014-09-01,16,"Disabled Concession",10916,553,19.7396021699819
2014-09-01,81,"Disabled Concession",-1,-1,-1
2014-09-01,26,"Disabled Concession",42121,1336,31.5276946107784
2014-09-01,51,"Disabled Concession",112396,3103,36.2217209152433
2014-09-01,81,"Over 60 Concession",1120799,49454,22.6634650382173
2014-09-01,10,"Disabled Concession",1983,184,10.7771739130435
2014-09-01,61,"Over 60 Concession",386340,18023,21.4359429617711
2014-09-01,66,"Over 60 Concession",1201148,57672,20.8272298515744
2014-09-01,76,"Disabled Concession",-1,-1,-1
2014-09-01,66,"Disabled Concession",1851,64,28.921875
2014-09-01,36,"Disabled Concession",50394,1436,35.0933147632312
2014-09-01,61,"Disabled Concession",101784,3112,32.706940874036
2014-09-01,56,"Disabled Concession",115228,3273,35.2056217537427
2014-09-01,41,"Disabled Concession",66324,1844,35.9674620390456
2014-09-01,71,"Disabled Concession",-1,-1,-1
2014-09-01,5,"Disabled Concession",517,41,12.609756097561
2014-10-01,0,"Disabled Concession",-1,-1,-1
2014-10-01,16,"Disabled Concession",10717,589,18.195246179966
2014-10-01,31,"Disabled Concession",48824,1332,36.6546546546547
2014-10-01,61,"Disabled Concession",97811,3040,32.1746710526316
2014-10-01,66,"Disabled Concession",1743,55,31.6909090909091
2014-10-01,76,"Over 60 Concession",944857,41809,22.5993685570093
2014-10-01,81,"Disabled Concession",-1,-1,-1
2014-10-01,71,"Over 60 Concession",1092530,49976,21.8610933247959
2014-10-01,51,"Disabled Concession",111056,3074,36.1275211450878
2014-10-01,21,"Disabled Concession",30994,1188,26.0892255892256
2014-10-01,56,"Disabled Concession",113145,3281,34.484913136239
2014-10-01,61,"Over 60 Concession",387483,18267,21.2121859090163
2014-10-01,26,"Disabled Concession",41447,1330,31.1631578947368
2014-10-01,10,"Disabled Concession",2156,181,11.9116022099448
2014-10-01,71,"Disabled Concession",-1,-1,-1
2014-10-01,76,"Disabled Concession",-1,-1,-1
2014-10-01,81,"Over 60 Concession",1066325,47861,22.2796222394016
2014-10-01,36,"Disabled Concession",49110,1424,34.4873595505618
2014-10-01,46,"Disabled Concession",93559,2597,36.0257989988448
2014-10-01,5,"Disabled Concession",670,50,13.4
2014-10-01,41,"Disabled Concession",65284,1845,35.3842818428184
2014-10-01,66,"Over 60 Concession",1185322,57165,20.7351001486924
2014-11-01,66,"Disabled Concession",1328,51,26.0392156862745
2014-11-01,56,"Disabled Concession",105596,3306,31.9407138535995
2014-11-01,21,"Over 60 Concession",-1,-1,-1
2014-11-01,5,"Disabled Concession",571,41,13.9268292682927
2014-11-01,76,"Over 60 Concession",888084,41743,21.2750401264883
2014-11-01,81,"Disabled Concession",-1,-1,-1
2014-11-01,61,"Disabled Concession",90889,3022,30.0757776307081
2014-11-01,31,"Disabled Concession",45923,1347,34.0927988121752
2014-11-01,26,"Disabled Concession",40100,1329,30.1730624529722
2014-11-01,16,"Disabled Concession",10418,614,16.9674267100977
2014-11-01,21,"Disabled Concession",30349,1187,25.5678180286436
2014-11-01,51,"Disabled Concession",103132,3086,33.4193130265716
2014-11-01,10,"Disabled Concession",1914,154,12.4285714285714
2014-11-01,46,"Disabled Concession",85469,2586,33.0506573859242
2014-11-01,41,"Disabled Concession",62150,1871,33.2175307322288
2014-11-01,61,"Over 60 Concession",381318,19028,20.039836031112
2014-11-01,76,"Disabled Concession",-1,-1,-1
2014-11-01,0,"Disabled Concession",-1,-1,-1
2014-11-01,66,"Over 60 Concession",1143511,57850,19.7668280034572
2014-11-01,71,"Over 60 Concession",1041222,50363,20.6743442606676
2014-11-01,71,"Disabled Concession",-1,-1,-1
2014-11-01,81,"Over 60 Concession",975173,47032,20.7342447695186
2014-11-01,36,"Disabled Concession",46589,1432,32.534217877095
2014-12-01,21,"Over 60 Concession",-1,-1,-1
2014-12-01,0,"Disabled Concession",-1,-1,-1
2014-12-01,36,"Disabled Concession",45885,1433,32.0202372644801
2014-12-01,26,"Disabled Concession",37196,1341,27.7375093214019
2014-12-01,51,"Disabled Concession",99079,3088,32.0851683937824
2014-12-01,66,"Over 60 Concession",1109328,58786,18.8706154526588
2014-12-01,81,"Over 60 Concession",900101,45609,19.7351619197965
2014-12-01,16,"Disabled Concession",9754,627,15.5566188197767
2014-12-01,10,"Disabled Concession",1994,173,11.5260115606936
2014-12-01,66,"Disabled Concession",1160,38,30.5263157894737
2014-12-01,46,"Disabled Concession",81679,2593,31.4998071731585
2014-12-01,31,"Disabled Concession",42783,1340,31.9276119402985
2014-12-01,71,"Over 60 Concession",1001764,50760,19.7353033884949
2014-12-01,21,"Disabled Concession",27786,1220,22.7754098360656
2014-12-01,61,"Disabled Concession",85275,2956,28.8481055480379
2014-12-01,61,"Over 60 Concession",373693,19712,18.9576400162338
2014-12-01,76,"Over 60 Concession",841618,41522,20.2692066856124
2014-12-01,71,"Disabled Concession",-1,-1,-1
2014-12-01,76,"Disabled Concession",-1,-1,-1
2014-12-01,41,"Disabled Concession",61276,1890,32.421164021164
2014-12-01,5,"Disabled Concession",599,46,13.0217391304348
2014-12-01,81,"Disabled Concession",-1,-1,-1
2014-12-01,56,"Disabled Concession",101355,3303,30.685740236149
2015-01-01,76,"Over 60 Concession",805050,39267,20.5019482007793
2015-01-01,46,"Disabled Concession",81645,2534,32.2198105761642
2015-01-01,36,"Disabled Concession",46334,1393,33.2620244077531
2015-01-01,61,"Disabled Concession",84127,2861,29.4047535826634
2015-01-01,71,"Disabled Concession",-1,-1,-1
2015-01-01,10,"Disabled Concession",1901,164,11.5914634146341
2015-01-01,5,"Disabled Concession",604,33,18.3030303030303
2015-01-01,76,"Disabled Concession",-1,-1,-1
2015-01-01,66,"Disabled Concession",1040,36,28.8888888888889
2015-01-01,71,"Over 60 Concession",962281,47761,20.1478402881012
2015-01-01,31,"Disabled Concession",43509,1286,33.8328149300156
2015-01-01,16,"Disabled Concession",11041,617,17.8946515397083
2015-01-01,56,"Disabled Concession",99094,3205,30.9185647425897
2015-01-01,0,"Disabled Concession",-1,-1,-1
2015-01-01,51,"Disabled Concession",100396,3008,33.376329787234
2015-01-01,81,"Over 60 Concession",839204,42702,19.6525689663248
2015-01-01,26,"Disabled Concession",37822,1292,29.2739938080495
2015-01-01,66,"Over 60 Concession",1070151,55276,19.3601382155004
2015-01-01,61,"Over 60 Concession",364827,18572,19.643926340728
2015-01-01,41,"Disabled Concession",60397,1812,33.3316777041943
2015-01-01,21,"Disabled Concession",28706,1171,24.5140905209223
2015-01-01,81,"Disabled Concession",-1,-1,-1
2015-02-01,5,"Disabled Concession",592,42,14.0952380952381
2015-02-01,16,"Disabled Concession",10195,619,16.470113085622
2015-02-01,71,"Disabled Concession",-1,-1,-1
2015-02-01,81,"Over 60 Concession",805026,42314,19.0250508106064
2015-02-01,81,"Disabled Concession",-1,-1,-1
2015-02-01,41,"Disabled Concession",54578,1726,31.6210892236385
2015-02-01,66,"Disabled Concession",838,29,28.8965517241379
2015-02-01,10,"Disabled Concession",1943,174,11.1666666666667
2015-02-01,0,"Disabled Concession",-1,-1,-1
2015-02-01,26,"Disabled Concession",34815,1215,28.6543209876543
2015-02-01,56,"Disabled Concession",91281,3093,29.5121241513094
2015-02-01,61,"Disabled Concession",76027,2692,28.2418276374443
2015-02-01,46,"Disabled Concession",75227,2456,30.6298859934853
2015-02-01,36,"Disabled Concession",42347,1347,31.438010393467
2015-02-01,66,"Over 60 Concession",997438,54373,18.3443620914792
2015-02-01,21,"Disabled Concession",25661,1136,22.5889084507042
2015-02-01,61,"Over 60 Concession",342376,18268,18.7418436610466
2015-02-01,71,"Over 60 Concession",902685,47089,19.1697636390664
2015-02-01,76,"Disabled Concession",-1,-1,-1
2015-02-01,76,"Over 60 Concession",762281,38845,19.6236581284593
2015-02-01,31,"Disabled Concession",38569,1240,31.1040322580645
2015-02-01,51,"Disabled Concession",90478,2915,31.0387650085763
2015-03-01,5,"Disabled Concession",697,37,18.8378378378378
2015-03-01,81,"Disabled Concession",-1,-1,-1
2015-03-01,66,"Over 60 Concession",1114180,55601,20.0388482221543
2015-03-01,61,"Disabled Concession",80199,2614,30.6805661820964
2015-03-01,71,"Disabled Concession",-1,-1,-1
2015-03-01,21,"Disabled Concession",27263,1097,24.8523245214221
2015-03-01,16,"Disabled Concession",10568,600,17.6133333333333
2015-03-01,26,"Disabled Concession",38668,1208,32.0099337748344
2015-03-01,36,"Disabled Concession",46816,1325,35.3328301886792
2015-03-01,51,"Disabled Concession",98493,2840,34.6806338028169
2015-03-01,76,"Over 60 Concession",855399,39657,21.5699372115894
2015-03-01,66,"Disabled Concession",821,24,34.2083333333333
2015-03-01,56,"Disabled Concession",99611,3066,32.4889106327462
2015-03-01,31,"Disabled Concession",42413,1211,35.0231213872832
2015-03-01,46,"Disabled Concession",81460,2373,34.3278550358196
2015-03-01,61,"Over 60 Concession",382380,18520,20.64686825054
2015-03-01,81,"Over 60 Concession",915507,43413,21.0883145601548
2015-03-01,71,"Over 60 Concession",1008580,48108,20.9649122807018
2015-03-01,0,"Disabled Concession",-1,-1,-1
2015-03-01,76,"Disabled Concession",-1,-1,-1
2015-03-01,10,"Disabled Concession",2018,169,11.9408284023669
2015-03-01,41,"Disabled Concession",58720,1711,34.3191116306254
2015-04-01,5,"Disabled Concession",741,45,16.4666666666667
2015-04-01,31,"Disabled Concession",38852,1169,33.235243798118
2015-04-01,76,"Over 60 Concession",843348,39528,21.3354584092289
2015-04-01,41,"Disabled Concession",56460,1649,34.2389326864767
2015-04-01,46,"Disabled Concession",75920,2306,32.9228100607112
2015-04-01,66,"Over 60 Concession",1091490,55335,19.7251287611819
2015-04-01,81,"Over 60 Concession",904385,42837,21.1122394191937
2015-04-01,0,"Disabled Concession",-1,-1,-1
2015-04-01,21,"Disabled Concession",24273,1065,22.7915492957746
2015-04-01,61,"Disabled Concession",76972,2508,30.6905901116427
2015-04-01,56,"Disabled Concession",94234,2893,32.5731075008642
2015-04-01,10,"Disabled Concession",1988,174,11.4252873563218
2015-04-01,71,"Disabled Concession",-1,-1,-1
2015-04-01,71,"Over 60 Concession",988035,47784,20.6771094927172
2015-04-01,61,"Over 60 Concession",376549,18522,20.3298239930893
2015-04-01,36,"Disabled Concession",42439,1294,32.7967542503864
2015-04-01,76,"Disabled Concession",-1,-1,-1
2015-04-01,16,"Disabled Concession",9815,599,16.3856427378965
2015-04-01,51,"Disabled Concession",92690,2761,33.5711698659906
2015-04-01,81,"Disabled Concession",-1,-1,-1
2015-04-01,26,"Disabled Concession",35384,1197,29.5605680868839
2015-04-01,66,"Disabled Concession",858,26,33
2015-05-01,0,"Disabled Concession",-1,-1,-1
2015-05-01,31,"Disabled Concession",36015,1103,32.6518585675431
2015-05-01,21,"Disabled Concession",22327,987,22.6210739614995
2015-05-01,66,"Disabled Concession",971,27,35.962962962963
2015-05-01,81,"Over 60 Concession",851389,41464,20.5332095311596
2015-05-01,51,"Disabled Concession",87918,2630,33.428897338403
2015-05-01,36,"Disabled Concession",39119,1224,31.9599673202614
2015-05-01,10,"Disabled Concession",2007,170,11.8058823529412
2015-05-01,76,"Over 60 Concession",814350,38558,21.1201307121739
2015-05-01,71,"Over 60 Concession",957164,46719,20.4876816712686
2015-05-01,66,"Over 60 Concession",1056912,54297,19.465384827891
2015-05-01,5,"Disabled Concession",616,45,13.6888888888889
2015-05-01,41,"Disabled Concession",52325,1571,33.3068109484405
2015-05-01,61,"Disabled Concession",71470,2407,29.6925633568758
2015-05-01,16,"Disabled Concession",9167,561,16.3404634581105
2015-05-01,76,"Disabled Concession",-1,-1,-1
2015-05-01,56,"Disabled Concession",88918,2823,31.4976974849451
2015-05-01,46,"Disabled Concession",70905,2224,31.8817446043165
2015-05-01,61,"Over 60 Concession",366026,18331,19.9675958758387
2015-05-01,71,"Disabled Concession",-1,-1,-1
2015-05-01,26,"Disabled Concession",31913,1146,27.847294938918
2015-05-01,81,"Disabled Concession",-1,-1,-1
2015-06-01,10,"Disabled Concession",1730,149,11.6107382550336
2015-06-01,16,"Disabled Concession",8846,521,16.978886756238
2015-06-01,81,"Disabled Concession",-1,-1,-1
2015-06-01,56,"Disabled Concession",88528,2717,32.582995951417
2015-06-01,81,"Over 60 Concession",902569,42155,21.4107223342427
2015-06-01,31,"Disabled Concession",35832,1053,34.02849002849
2015-06-01,76,"Over 60 Concession",860088,39132,21.9791475007666
2015-06-01,5,"Disabled Concession",529,31,17.0645161290323
2015-06-01,26,"Disabled Concession",31373,1080,29.0490740740741
2015-06-01,66,"Over 60 Concession",1112216,54605,20.3683911729695
2015-06-01,21,"Disabled Concession",22592,936,24.1367521367521
2015-06-01,71,"Disabled Concession",-1,-1,-1
2015-06-01,41,"Disabled Concession",52623,1500,35.082
2015-06-01,0,"Disabled Concession",-1,-1,-1
2015-06-01,51,"Disabled Concession",86732,2552,33.9858934169279
2015-06-01,46,"Disabled Concession",70211,2122,33.0871819038643
2015-06-01,76,"Disabled Concession",-1,-1,-1
2015-06-01,71,"Over 60 Concession",1010186,47468,21.2814106345327
2015-06-01,61,"Over 60 Concession",380373,18275,20.8138440492476
2015-06-01,36,"Disabled Concession",39076,1156,33.80276816609
2015-06-01,61,"Disabled Concession",71768,2299,31.217050891692
2015-06-01,66,"Disabled Concession",1070,27,39.6296296296296
2015-07-01,46,"Disabled Concession",68669,2062,33.3021338506305
2015-07-01,76,"Over 60 Concession",876451,38852,22.5587099763204
2015-07-01,71,"Disabled Concession",-1,-1,-1
2015-07-01,51,"Disabled Concession",84456,2442,34.5847665847666
2015-07-01,81,"Disabled Concession",-1,-1,-1
2015-07-01,66,"Disabled Concession",1018,26,39.1538461538462
2015-07-01,61,"Disabled Concession",68525,2188,31.3185557586837
2015-07-01,41,"Disabled Concession",51174,1482,34.5303643724696
2015-07-01,56,"Disabled Concession",86766,2602,33.3458877786318
2015-07-01,71,"Over 60 Concession",1030946,47373,21.7623118654086
2015-07-01,31,"Disabled Concession",34196,1016,33.6574803149606
2015-07-01,36,"Disabled Concession",37372,1113,33.5777178796047
2015-07-01,76,"Disabled Concession",-1,-1,-1
2015-07-01,5,"Disabled Concession",855,42,20.3571428571429
2015-07-01,81,"Over 60 Concession",907534,41231,22.0109626252092
2015-07-01,21,"Disabled Concession",20468,875,23.392
2015-07-01,61,"Over 60 Concession",377883,17905,21.1048869030997
2015-07-01,0,"Disabled Concession",-1,-1,-1
2015-07-01,10,"Disabled Concession",2027,166,12.210843373494
2015-07-01,16,"Disabled Concession",7789,502,15.5159362549801
2015-07-01,26,"Disabled Concession",29704,1034,28.7272727272727
2015-07-01,66,"Over 60 Concession",1124386,54632,20.5810880070288
2015-08-01,5,"Disabled Concession",899,45,19.9777777777778
2015-08-01,10,"Disabled Concession",1972,153,12.8888888888889
2015-08-01,51,"Disabled Concession",78013,2297,33.962995211145
2015-08-01,16,"Disabled Concession",7490,441,16.984126984127
2015-08-01,71,"Over 60 Concession",968649,46342,20.902183764188
2015-08-01,61,"Disabled Concession",62673,2102,29.8158896289248
2015-08-01,26,"Disabled Concession",27082,982,27.5784114052953
2015-08-01,66,"Disabled Concession",916,23,39.8260869565217
2015-08-01,56,"Disabled Concession",79503,2491,31.9160979526295
2015-08-01,76,"Disabled Concession",-1,-1,-1
2015-08-01,31,"Disabled Concession",29847,963,30.993769470405
2015-08-01,0,"Disabled Concession",-1,-1,-1
2015-08-01,66,"Over 60 Concession",1053076,53150,19.8132831608655
2015-08-01,81,"Over 60 Concession",850636,40217,21.1511549842107
2015-08-01,41,"Disabled Concession",45755,1365,33.5201465201465
2015-08-01,76,"Over 60 Concession",823865,37977,21.6937883455776
2015-08-01,21,"Disabled Concession",18729,823,22.7569866342649
2015-08-01,61,"Over 60 Concession",348687,17249,20.2149110093339
2015-08-01,46,"Disabled Concession",61644,1943,31.7261966031909
2015-08-01,71,"Disabled Concession",-1,-1,-1
2015-08-01,36,"Disabled Concession",32499,1028,31.613813229572
2015-08-01,81,"Disabled Concession",-1,-1,-1
2015-09-01,26,"Disabled Concession",28406,960,29.5895833333333
2015-09-01,61,"Disabled Concession",62327,2017,30.9008428358949
2015-09-01,71,"Disabled Concession",-1,-1,-1
2015-09-01,76,"Over 60 Concession",847641,38418,22.0636420427924
2015-09-01,31,"Disabled Concession",29506,921,32.0369163952226
2015-09-01,66,"Disabled Concession",973,21,46.3333333333333
2015-09-01,10,"Disabled Concession",1945,164,11.859756097561
2015-09-01,61,"Over 60 Concession",337515,16220,20.8085696670777
2015-09-01,0,"Disabled Concession",-1,-1,-1
2015-09-01,51,"Disabled Concession",76646,2263,33.8692001767565
2015-09-01,66,"Over 60 Concession",1066363,52859,20.1737263285344
2015-09-01,36,"Disabled Concession",33465,1027,32.5851996105161
2015-09-01,5,"Disabled Concession",625,36,17.3611111111111
2015-09-01,56,"Disabled Concession",79979,2459,32.5250101667344
2015-09-01,41,"Disabled Concession",45368,1352,33.5562130177515
2015-09-01,21,"Disabled Concession",20030,829,24.1616405307599
2015-09-01,81,"Disabled Concession",-1,-1,-1
2015-09-01,76,"Disabled Concession",-1,-1,-1
2015-09-01,71,"Over 60 Concession",990400,46802,21.1614888252639
2015-09-01,81,"Over 60 Concession",875712,40343,21.7066653446695
2015-09-01,46,"Disabled Concession",60980,1873,32.5573945541911
2015-09-01,16,"Disabled Concession",8910,497,17.9275653923541
2015-10-01,41,"Disabled Concession",44243,1302,33.9807987711213
2015-10-01,81,"Disabled Concession",-1,-1,-1
2015-10-01,71,"Over 60 Concession",999829,47098,21.2286933627755
2015-10-01,36,"Disabled Concession",32305,985,32.7969543147208
2015-10-01,81,"Over 60 Concession",864348,39800,21.7172864321608
2015-10-01,56,"Disabled Concession",76467,2345,32.6085287846482
2015-10-01,61,"Over 60 Concession",341850,16604,20.5884124307396
2015-10-01,10,"Disabled Concession",1874,146,12.8356164383562
2015-10-01,46,"Disabled Concession",59139,1811,32.6554389839867
2015-10-01,66,"Disabled Concession",874,24,36.4166666666667
2015-10-01,0,"Disabled Concession",-1,-1,-1
2015-10-01,76,"Over 60 Concession",844722,38231,22.0952106928932
2015-10-01,16,"Disabled Concession",8260,479,17.2442588726514
2015-10-01,51,"Disabled Concession",73049,2146,34.0396085740913
2015-10-01,26,"Disabled Concession",26731,916,29.1823144104803
2015-10-01,21,"Disabled Concession",19332,808,23.9257425742574
2015-10-01,31,"Disabled Concession",27622,864,31.9699074074074
2015-10-01,66,"Over 60 Concession",1083509,53565,20.2279286847755
2015-10-01,71,"Disabled Concession",-1,-1,-1
2015-10-01,76,"Disabled Concession",-1,-1,-1
2015-10-01,5,"Disabled Concession",632,43,14.6976744186047
2015-10-01,61,"Disabled Concession",58824,1921,30.6215512753774
2015-11-01,66,"Over 60 Concession",1035815,55440,18.6835317460317
2015-11-01,36,"Disabled Concession",29805,939,31.741214057508
2015-11-01,76,"Over 60 Concession",765940,38056,20.1266554551188
2015-11-01,66,"Disabled Concession",650,23,28.2608695652174
2015-11-01,61,"Over 60 Concession",326941,17008,19.2227775164628
2015-11-01,16,"Disabled Concession",7865,437,17.9977116704805
2015-11-01,26,"Disabled Concession",24414,848,28.7900943396226
2015-11-01,46,"Disabled Concession",52423,1686,31.0931198102017
2015-11-01,61,"Disabled Concession",50619,1790,28.2787709497207
2015-11-01,5,"Disabled Concession",433,35,12.3714285714286
2015-11-01,71,"Disabled Concession",-1,-1,-1
2015-11-01,76,"Disabled Concession",-1,-1,-1
2015-11-01,41,"Disabled Concession",39523,1248,31.6690705128205
2015-11-01,10,"Disabled Concession",1465,127,11.5354330708661
2015-11-01,56,"Disabled Concession",67964,2212,30.7251356238698
2015-11-01,0,"Disabled Concession",-1,-1,-1
2015-11-01,81,"Over 60 Concession",745511,38289,19.4706312517956
2015-11-01,81,"Disabled Concession",-1,-1,-1
2015-11-01,51,"Disabled Concession",63905,2063,30.9767329132332
2015-11-01,71,"Over 60 Concession",939105,47999,19.565095106148
2015-11-01,21,"Disabled Concession",18261,778,23.4717223650386
2015-11-01,31,"Disabled Concession",24998,819,30.5225885225885
2015-12-01,31,"Disabled Concession",22328,784,28.4795918367347
2015-12-01,71,"Over 60 Concession",912236,48073,18.9760572462713
2015-12-01,81,"Disabled Concession",-1,-1,-1
2015-12-01,61,"Disabled Concession",46594,1685,27.6522255192878
2015-12-01,41,"Disabled Concession",34592,1170,29.565811965812
2015-12-01,56,"Disabled Concession",62100,2120,29.2924528301887
2015-12-01,61,"Over 60 Concession",320228,17442,18.3595917899323
2015-12-01,10,"Disabled Concession",1564,130,12.0307692307692
2015-12-01,21,"Disabled Concession",15714,736,21.3505434782609
2015-12-01,0,"Disabled Concession",-1,-1,-1
2015-12-01,46,"Disabled Concession",46598,1628,28.6228501228501
2015-12-01,71,"Disabled Concession",-1,-1,-1
2015-12-01,36,"Disabled Concession",26465,915,28.9234972677596
2015-12-01,76,"Over 60 Concession",739531,37777,19.5762236281335
2015-12-01,66,"Disabled Concession",651,19,34.2631578947368
2015-12-01,81,"Over 60 Concession",712586,37749,18.8769503827916
2015-12-01,26,"Disabled Concession",20782,802,25.9127182044888
2015-12-01,66,"Over 60 Concession",1011963,56380,17.9489712664065
2015-12-01,51,"Disabled Concession",58758,1978,29.7057633973711
2015-12-01,5,"Disabled Concession",499,37,13.4864864864865
2015-12-01,16,"Disabled Concession",6549,446,14.6838565022422
2015-12-01,76,"Disabled Concession",-1,-1,-1
2016-01-01,26,"Disabled Concession",20622,765,26.956862745098
2016-01-01,76,"Disabled Concession",-1,-1,-1
2016-01-01,81,"Over 60 Concession",668762,35245,18.9746630727763
2016-01-01,76,"Over 60 Concession",706529,35861,19.7018766905552
2016-01-01,31,"Disabled Concession",21969,744,29.5282258064516
2016-01-01,36,"Disabled Concession",24959,848,29.4327830188679
2016-01-01,5,"Disabled Concession",520,30,17.3333333333333
2016-01-01,66,"Disabled Concession",536,18,29.7777777777778
2016-01-01,56,"Disabled Concession",58961,1974,29.8687943262411
2016-01-01,71,"Over 60 Concession",875256,45261,19.3379730894147
2016-01-01,71,"Disabled Concession",-1,-1,-1
2016-01-01,10,"Disabled Concession",1456,128,11.375
2016-01-01,66,"Over 60 Concession",970743,52431,18.5146764318819
2016-01-01,0,"Disabled Concession",-1,-1,-1
2016-01-01,51,"Disabled Concession",55568,1813,30.6497517926089
2016-01-01,46,"Disabled Concession",45275,1525,29.6885245901639
2016-01-01,61,"Over 60 Concession",307409,16237,18.9326230214941
2016-01-01,81,"Disabled Concession",-1,-1,-1
2016-01-01,21,"Disabled Concession",15914,698,22.7994269340974
2016-01-01,41,"Disabled Concession",33468,1115,30.0161434977578
2016-01-01,16,"Disabled Concession",6852,430,15.9348837209302
2016-01-01,61,"Disabled Concession",44265,1580,28.0158227848101
2016-02-01,16,"Disabled Concession",6942,431,16.1067285382831
2016-02-01,26,"Disabled Concession",19697,750,26.2626666666667
2016-02-01,71,"Over 60 Concession",843642,43898,19.2182331769101
2016-02-01,61,"Over 60 Concession",275117,14712,18.7001767264818
2016-02-01,76,"Over 60 Concession",686551,35004,19.6135013141355
2016-02-01,51,"Disabled Concession",53791,1755,30.6501424501425
2016-02-01,71,"Disabled Concession",-1,-1,-1
2016-02-01,46,"Disabled Concession",43261,1439,30.0632383599722
2016-02-01,10,"Disabled Concession",1424,129,11.0387596899225
2016-02-01,81,"Disabled Concession",-1,-1,-1
2016-02-01,76,"Disabled Concession",-1,-1,-1
2016-02-01,81,"Over 60 Concession",650352,34262,18.9817290292452
2016-02-01,0,"Disabled Concession",-1,-1,-1
2016-02-01,66,"Disabled Concession",535,17,31.4705882352941
2016-02-01,41,"Disabled Concession",31419,1054,29.8092979127135
2016-02-01,21,"Disabled Concession",15631,694,22.5230547550432
2016-02-01,61,"Disabled Concession",41879,1513,27.6794448116325
2016-02-01,5,"Disabled Concession",496,34,14.5882352941176
2016-02-01,31,"Disabled Concession",20768,692,30.0115606936416
2016-02-01,56,"Disabled Concession",56999,1927,29.579138557343
2016-02-01,36,"Disabled Concession",23730,813,29.1881918819188
2016-02-01,66,"Over 60 Concession",935387,51274,18.24291063697
2016-03-01,0,"Disabled Concession",-1,-1,-1
2016-03-01,21,"Disabled Concession",16035,678,23.6504424778761
2016-03-01,10,"Disabled Concession",1425,115,12.3913043478261
2016-03-01,76,"Over 60 Concession",702171,34460,20.3764074289031
2016-03-01,31,"Disabled Concession",21651,666,32.509009009009
2016-03-01,56,"Disabled Concession",58146,1890,30.7650793650794
2016-03-01,66,"Disabled Concession",506,14,36.1428571428571
2016-03-01,81,"Disabled Concession",-1,-1,-1
2016-03-01,16,"Disabled Concession",6954,413,16.8377723970944
2016-03-01,36,"Disabled Concession",23692,791,29.9519595448799
2016-03-01,71,"Disabled Concession",-1,-1,-1
2016-03-01,51,"Disabled Concession",55316,1721,32.1417780360256
2016-03-01,5,"Disabled Concession",452,35,12.9142857142857
2016-03-01,71,"Over 60 Concession",862346,43481,19.832708539362
2016-03-01,61,"Disabled Concession",42333,1469,28.8175629680054
2016-03-01,61,"Over 60 Concession",284169,14555,19.523806252147
2016-03-01,46,"Disabled Concession",43949,1400,31.3921428571429
2016-03-01,26,"Disabled Concession",19945,702,28.4116809116809
2016-03-01,66,"Over 60 Concession",965369,51287,18.8228790921676
2016-03-01,41,"Disabled Concession",31450,1010,31.1386138613861
2016-03-01,81,"Over 60 Concession",668379,33579,19.9046725632092
2016-04-01,76,"Over 60 Concession",693462,33170,20.906300874284
2016-04-01,41,"Disabled Concession",30542,989,30.881698685541
2016-04-01,81,"Over 60 Concession",658785,32260,20.421109733416
2016-04-01,81,"Disabled Concession",-1,-1,-1
2016-04-01,51,"Disabled Concession",53344,1656,32.2125603864734
2016-04-01,5,"Disabled Concession",404,33,12.2424242424242
2016-04-01,46,"Disabled Concession",42663,1360,31.3698529411765
2016-04-01,16,"Disabled Concession",7135,422,16.9075829383886
2016-04-01,61,"Disabled Concession",40694,1402,29.0256776034237
2016-04-01,10,"Disabled Concession",1472,123,11.9674796747967
2016-04-01,66,"Over 60 Concession",957144,50012,19.1382868111653
2016-04-01,56,"Disabled Concession",57301,1818,31.518701870187
2016-04-01,36,"Disabled Concession",22147,745,29.7275167785235
2016-04-01,31,"Disabled Concession",20649,650,31.7676923076923
2016-04-01,66,"Disabled Concession",442,15,29.4666666666667
2016-04-01,71,"Over 60 Concession",848916,42344,20.0480823729454
2016-04-01,21,"Disabled Concession",15182,659,23.0379362670713
2016-04-01,71,"Disabled Concession",-1,-1,-1
2016-04-01,61,"Over 60 Concession",277777,14027,19.803022741855
2016-04-01,26,"Disabled Concession",19196,707,27.1513437057991
2016-04-01,0,"Disabled Concession",-1,-1,-1
2016-05-01,66,"Disabled Concession",587,15,39.1333333333333
2016-05-01,51,"Disabled Concession",52027,1590,32.7213836477987
2016-05-01,81,"Over 60 Concession",635592,31169,20.3917995444191
2016-05-01,66,"Over 60 Concession",931039,48202,19.3153603584914
2016-05-01,5,"Disabled Concession",367,33,11.1212121212121
2016-05-01,71,"Over 60 Concession",822330,40655,20.227032345345
2016-05-01,41,"Disabled Concession",29365,945,31.0740740740741
2016-05-01,16,"Disabled Concession",6677,386,17.2979274611399
2016-05-01,76,"Over 60 Concession",672740,32152,20.9237372480717
2016-05-01,81,"Disabled Concession",-1,-1,-1
2016-05-01,46,"Disabled Concession",40187,1305,30.7946360153257
2016-05-01,56,"Disabled Concession",55168,1753,31.4706217912151
2016-05-01,71,"Disabled Concession",-1,-1,-1
2016-05-01,61,"Over 60 Concession",273444,13729,19.9172554446791
2016-05-01,36,"Disabled Concession",21069,716,29.4259776536313
2016-05-01,31,"Disabled Concession",20083,636,31.5770440251572
2016-05-01,0,"Disabled Concession",-1,-1,-1
2016-05-01,26,"Disabled Concession",17637,667,26.4422788605697
2016-05-01,21,"Disabled Concession",14634,634,23.0820189274448
2016-05-01,10,"Disabled Concession",1321,115,11.4869565217391
2016-05-01,61,"Disabled Concession",40193,1392,28.8742816091954
2016-06-01,61,"Disabled Concession",38578,1299,29.6982294072363
2016-06-01,46,"Disabled Concession",36802,1221,30.1408681408681
2016-06-01,76,"Over 60 Concession",658958,31078,21.2033592895296
2016-06-01,31,"Disabled Concession",19106,599,31.8964941569282
2016-06-01,16,"Disabled Concession",6609,409,16.158924205379
2016-06-01,5,"Disabled Concession",336,30,11.2
2016-06-01,66,"Over 60 Concession",913216,47454,19.2442365237915
2016-06-01,21,"Disabled Concession",14788,616,24.0064935064935
2016-06-01,41,"Disabled Concession",27559,895,30.7921787709497
2016-06-01,36,"Disabled Concession",19743,662,29.8232628398792
2016-06-01,61,"Over 60 Concession",272700,13625,20.0146788990826
2016-06-01,10,"Disabled Concession",1296,100,12.96
2016-06-01,56,"Disabled Concession",51839,1655,31.3226586102719
2016-06-01,51,"Disabled Concession",49113,1517,32.3750823994726
2016-06-01,81,"Over 60 Concession",612630,29953,20.453043100858
2016-06-01,66,"Disabled Concession",512,15,34.1333333333333
2016-06-01,71,"Over 60 Concession",803049,39689,20.2335407795611
2016-06-01,81,"Disabled Concession",-1,-1,-1
2016-06-01,71,"Disabled Concession",-1,-1,-1
2016-06-01,26,"Disabled Concession",16961,624,27.1810897435897
2016-07-01,31,"Disabled Concession",17647,556,31.7392086330935
2016-07-01,66,"Disabled Concession",555,14,39.6428571428571
2016-07-01,66,"Over 60 Concession",908462,46429,19.566693230524
2016-07-01,21,"Disabled Concession",13445,608,22.1134868421053
2016-07-01,61,"Over 60 Concession",275596,13710,20.1018234865062
2016-07-01,46,"Disabled Concession",35105,1172,29.9530716723549
2016-07-01,26,"Disabled Concession",15622,601,25.9933444259567
2016-07-01,51,"Disabled Concession",46681,1433,32.5757152826239
2016-07-01,36,"Disabled Concession",18710,623,30.0321027287319
2016-07-01,41,"Disabled Concession",25606,847,30.2314049586777
2016-07-01,71,"Disabled Concession",-1,-1,-1
2016-07-01,81,"Over 60 Concession",595014,28373,20.971134529306
2016-07-01,10,"Disabled Concession",1367,122,11.2049180327869
2016-07-01,61,"Disabled Concession",36050,1230,29.3089430894309
2016-07-01,76,"Over 60 Concession",642469,29846,21.5261341553307
2016-07-01,56,"Disabled Concession",48047,1570,30.6031847133758
2016-07-01,71,"Over 60 Concession",787569,38098,20.6721875164051
2016-07-01,16,"Disabled Concession",5552,339,16.377581120944
2016-07-01,5,"Disabled Concession",424,36,11.7777777777778
2016-07-01,81,"Disabled Concession",-1,-1,-1
