"","msoa11cd","msoa11nm","longitude","latitude"
"1","E02006698","Bromsgrove 003",-2.02365061764946,52.3932229338413
"2","E02001966","Coventry 009",-1.49964969226645,52.432696360166
"3","E02001967","Coventry 010",-1.56395705161784,52.4304077049931
"4","E02001964","Coventry 007",-1.46047734666552,52.4349250691479
"5","E02001965","Coventry 008",-1.44557863942791,52.4333704267798
"6","E02001962","Coventry 005",-1.48873201226253,52.4381762250343
"7","E02001963","Coventry 006",-1.52847584507108,52.4379573470567
"8","E02001961","Coventry 004",-1.47603822484086,52.4384070181392
"9","E02006146","Lichfield 001",-1.87385350750962,52.7418961202484
"10","E02006147","Lichfield 002",-1.7633930199585,52.7239406808146
"11","E02001968","Coventry 011",-1.51466624015884,52.4300719613269
"12","E02001969","Coventry 012",-1.52284374868519,52.4261499702747
"13","E02002137","Walsall 028",-1.88549640479846,52.5814878301286
"14","E02002134","Walsall 025",-2.05641602478985,52.5892074136931
"15","E02002135","Walsall 026",-2.00156165592913,52.5866179455488
"16","E02002132","Walsall 023",-2.02454345979168,52.5910087123875
"17","E02002133","Walsall 024",-1.97112317150941,52.5912515135902
"18","E02002130","Walsall 021",-2.00847696609565,52.5975854775912
"19","E02006148","Lichfield 003",-1.90799852476292,52.6860193478732
"20","E02002131","Walsall 022",-1.92039646636515,52.5967437078348
"21","E02006149","Lichfield 004",-1.83015764651637,52.6890918542901
"22","E02002138","Walsall 029",-1.96595682504961,52.5809614041405
"23","E02002139","Walsall 030",-1.97930705408975,52.5787025865861
"24","E02002046","Sandwell 004",-1.99102605063968,52.5518480246402
"25","E02002047","Sandwell 005",-2.02283601975075,52.5528113800406
"26","E02002044","Sandwell 002",-1.96449958994258,52.5572007410644
"27","E02002045","Sandwell 003",-2.00087072814622,52.5560858732258
"28","E02002042","Dudley 043",-2.07519634587144,52.4419078223312
"29","E02002043","Sandwell 001",-2.01570925260936,52.5615297695849
"30","E02002040","Dudley 041",-2.1533415430088,52.4441438111135
"31","E02002041","Dudley 042",-2.12204519287629,52.4420964113194
"32","E02002048","Sandwell 006",-1.93680053838886,52.5506929863924
"33","E02002049","Sandwell 007",-2.0600282089153,52.5456771806123
"34","E02001886","Birmingham 060",-1.95599825976815,52.4789085824021
"35","E02006806","Nuneaton and Bedworth 018",-1.50604421181242,52.4621585832526
"36","E02001884","Birmingham 058",-1.84541981951749,52.4822015500115
"37","E02006807","Birmingham 132",-1.84378474823042,52.4175258486018
"38","E02001883","Birmingham 057",-1.77150861142637,52.4816910576864
"39","E02001882","Birmingham 056",-1.80714926421334,52.4826243805896
"40","E02006805","Coventry 043",-1.50722101290598,52.4451512251955
"41","E02001881","Birmingham 055",-1.82667710680639,52.484976741727
"42","E02001880","Birmingham 054",-1.79342447002654,52.4855620429635
"43","E02001889","Birmingham 063",-1.83956626706614,52.4730877084638
"44","E02001888","Birmingham 062",-1.79008861024826,52.4745409517656
"45","E02006808","Solihull 030",-1.83641469472004,52.4101949396636
"46","E02006809","Birmingham 133",-1.93266095276771,52.5242868387994
"47","E02006748","Wychavon 001",-2.1786624569048,52.3117118195363
"48","E02006749","Wychavon 002",-2.16640425143669,52.2732065060831
"49","E02001976","Coventry 019",-1.44728446810606,52.4152175042716
"50","E02001977","Coventry 020",-1.51727023253503,52.416990615629
"51","E02001975","Coventry 018",-1.4618400079015,52.4163027696099
"52","E02001972","Coventry 015",-1.4954281441155,52.4240170952788
"53","E02001973","Coventry 016",-1.48042113258176,52.4224079202335
"54","E02001970","Coventry 013",-1.46511910703285,52.4259925707997
"55","E02001971","Coventry 014",-1.53243886551985,52.426250047004
"56","E02006156","Lichfield 011",-1.86078843424475,52.6215011129025
"57","E02006157","Lichfield 012",-1.72154081058612,52.6171721088723
"58","E02006155","Lichfield 010",-1.92541743774302,52.674965479475
"59","E02001978","Coventry 021",-1.47453167926046,52.415722110705
"60","E02006153","Lichfield 008",-1.75180358683617,52.6758134326182
"61","E02001979","Coventry 022",-1.5575718143191,52.4154880351599
"62","E02006150","Lichfield 005",-1.811054948607,52.6850204453331
"63","E02006151","Lichfield 006",-1.93816436341209,52.68588608782
"64","E02002106","Solihull 026",-1.74330809931084,52.389498723283
"65","E02002107","Solihull 027",-1.79117910187214,52.3887458921372
"66","E02002104","Solihull 024",-1.78342544320454,52.4000541058197
"67","E02002105","Solihull 025",-1.650682848324,52.3904754018284
"68","E02002102","Solihull 022",-1.8094324747483,52.4025336527663
"69","E02002182","Wolverhampton 034",-2.10222600883069,52.5511490775932
"70","E02002103","Solihull 023",-1.83104341956113,52.4005510941077
"71","E02002181","Wolverhampton 033",-2.06384179833359,52.5539642172081
"72","E02002180","Wolverhampton 032",-2.11104016016343,52.5569167482257
"73","E02002101","Solihull 021",-1.85571467834616,52.4061715954896
"74","E02002108","Solihull 028",-1.75730098690026,52.3772766424622
"75","E02002109","Solihull 029",-1.83068204505578,52.3829848003221
"76","E02002056","Sandwell 014",-2.06079233343626,52.5375494300713
"77","E02002057","Sandwell 015",-2.06468355541495,52.526565869586
"78","E02002054","Sandwell 012",-1.94760819813272,52.5391268412745
"79","E02002055","Sandwell 013",-2.01268140320811,52.539484041131
"80","E02002052","Sandwell 010",-1.99617012489085,52.5387802044803
"81","E02002053","Sandwell 011",-1.93637923668649,52.5404713965892
"82","E02002051","Sandwell 009",-2.04544662544427,52.54078866856
"83","E02002058","Sandwell 016",-2.04253016878787,52.5273645173297
"84","E02001897","Birmingham 071",-1.87599385865352,52.4664854285606
"85","E02002059","Sandwell 017",-1.99371649946704,52.5265214267687
"86","E02001896","Birmingham 070",-1.85260615250148,52.4678495584974
"87","E02001895","Birmingham 069",-1.77628678189242,52.4669292535215
"88","E02006897","Birmingham 136",-1.91945444207674,52.4754521117153
"89","E02006896","Birmingham 135",-1.8969007917581,52.4732999258209
"90","E02001893","Birmingham 067",-1.80899833232944,52.4707720001122
"91","E02006895","Birmingham 134",-1.90553913506006,52.4710137086867
"92","E02001892","Birmingham 066",-1.82394933183316,52.4712532017436
"93","E02006894","Wolverhampton 035",-2.12340129169142,52.5725621334745
"94","E02001890","Birmingham 064",-1.94084285758803,52.4730671966808
"95","E02006810","Sandwell 039",-1.97591089306156,52.5432626403726
"96","E02001899","Birmingham 073",-1.97105002645536,52.4631542292673
"97","E02001898","Birmingham 072",-1.79481293521608,52.4658553706918
"98","E02006899","Birmingham 138",-1.90496706078626,52.481001686779
"99","E02006898","Birmingham 137",-1.91789246893114,52.4815031195809
"100","E02006487","Nuneaton and Bedworth 013",-1.47300340725508,52.4818824996203
"101","E02006486","Nuneaton and Bedworth 012",-1.48130468215197,52.4846794179765
"102","E02006485","Nuneaton and Bedworth 011",-1.4348525877889,52.5076691439914
"103","E02006484","Nuneaton and Bedworth 010",-1.44954003856343,52.5085855215994
"104","E02006483","Nuneaton and Bedworth 009",-1.4670673933039,52.511564699177
"105","E02006482","Nuneaton and Bedworth 008",-1.48723511381745,52.5132012712546
"106","E02006481","Nuneaton and Bedworth 007",-1.51327091398224,52.519227963219
"107","E02006480","Nuneaton and Bedworth 006",-1.49298658129187,52.5207818939649
"108","E02006489","Nuneaton and Bedworth 015",-1.46765000234245,52.4741857969239
"109","E02006488","Nuneaton and Bedworth 014",-1.42686038789546,52.4787008462674
"110","E02006752","Wychavon 005",-2.15326140266151,52.2536855193604
"111","E02006753","Wychavon 006",-2.20030479626104,52.2342075607435
"112","E02006750","Wychavon 003",-2.14168370070591,52.2651554656278
"113","E02006751","Wychavon 004",-2.15821669429147,52.2633756084361
"114","E02001946","Birmingham 120",-1.96388464569615,52.4109440934257
"115","E02001947","Birmingham 121",-1.89690675426629,52.4066453531919
"116","E02001944","Birmingham 118",-1.90554276572748,52.4146021749481
"117","E02001945","Birmingham 119",-1.98662696994196,52.4129826970418
"118","E02001942","Birmingham 116",-1.94151172352141,52.415840025107
"119","E02001943","Birmingham 117",-1.88278551303268,52.4156302600381
"120","E02001941","Birmingham 115",-1.86079802589648,52.4160875652642
"121","E02006126","Cannock Chase 009",-1.98526605158743,52.694865167571
"122","E02006127","Cannock Chase 010",-1.99956350975399,52.692274782088
"123","E02006124","Cannock Chase 007",-2.02784124001235,52.7041407050816
"124","E02006125","Cannock Chase 008",-2.01265113162759,52.7026404172353
"125","E02006122","Cannock Chase 005",-2.00450823175566,52.7146380986108
"126","E02001948","Birmingham 122",-1.8773456773624,52.4067123462793
"127","E02006123","Cannock Chase 006",-1.96951568407751,52.707494481298
"128","E02001949","Birmingham 123",-1.92192047541651,52.4061183330165
"129","E02006120","Cannock Chase 003",-1.93046730309899,52.7488847020638
"130","E02006121","Cannock Chase 004",-2.01388296154167,52.720428061031
"131","E02002116","Walsall 007",-1.91730489933036,52.6229997862676
"132","E02002117","Walsall 008",-2.0103343857922,52.6217004734196
"133","E02002114","Walsall 005",-1.97015413486581,52.6244385079627
"134","E02002115","Walsall 006",-1.99334645081121,52.6237619260893
"135","E02002112","Walsall 003",-1.97080754163559,52.6333147464
"136","E02002113","Walsall 004",-1.92711815030501,52.6329212403607
"137","E02002110","Walsall 001",-1.94176872187672,52.6477970840024
"138","E02006128","Cannock Chase 011",-2.03572051834963,52.6910320436074
"139","E02002111","Walsall 002",-1.92586455359938,52.6496459944497
"140","E02006129","Cannock Chase 012",-2.03225118347769,52.6825323261771
"141","E02002118","Walsall 009",-2.01943908454929,52.6218753538918
"142","E02002119","Walsall 010",-1.95364104980354,52.6179770788303
"143","E02002026","Dudley 027",-2.12013157421453,52.4697157242108
"144","E02002027","Dudley 028",-2.13482255995426,52.4670735342956
"145","E02002024","Dudley 025",-2.10105264047979,52.4737375512461
"146","E02002025","Dudley 026",-2.03249198173423,52.4704163361048
"147","E02002022","Dudley 023",-2.14564186218188,52.4755260509846
"148","E02002023","Dudley 024",-2.16707999943282,52.4753596250371
"149","E02002020","Dudley 021",-2.15835783538286,52.4839342222575
"150","E02002021","Dudley 022",-2.12580556740964,52.4820574347733
"151","E02002028","Dudley 029",-2.16523959033006,52.4646354421547
"152","E02002029","Dudley 030",-2.02387729325636,52.4643586317454
"153","E02006226","Tamworth 010",-1.6662527881046,52.60454131241
"154","E02006224","Tamworth 008",-1.64991435640672,52.612506635241
"155","E02006225","Tamworth 009",-1.68364286088029,52.6060684277049
"156","E02006222","Tamworth 006",-1.67860489540472,52.6209620730124
"157","E02006223","Tamworth 007",-1.65897287084367,52.6200533962791
"158","E02006220","Tamworth 004",-1.67195082676767,52.6317434505523
"159","E02006221","Tamworth 005",-1.69003466440916,52.624563124811
"160","E02006497","Rugby 006",-1.27526324061607,52.3723888435731
"161","E02006496","Rugby 005",-1.24851609366907,52.374841038341
"162","E02006495","Rugby 004",-1.40921673727291,52.3813637355514
"163","E02006494","Rugby 003",-1.26420881485809,52.3789297776001
"164","E02006492","Rugby 001",-1.3121673360197,52.4271494559276
"165","E02006490","Nuneaton and Bedworth 016",-1.50240565439864,52.4729393370455
"166","E02006498","Rugby 007",-1.29912990936714,52.3664206834585
"167","E02006726","Redditch 006",-1.94150065913518,52.29913907117
"168","E02006727","Redditch 007",-1.91496880542649,52.2980199113825
"169","E02006724","Redditch 004",-1.93231350428278,52.3065911068984
"170","E02006725","Redditch 005",-1.89172200751463,52.3040523450134
"171","E02006722","Redditch 002",-1.90640697491155,52.3135246065127
"172","E02006723","Redditch 003",-1.96216623399238,52.3099199236387
"173","E02006721","Redditch 001",-1.91285545609869,52.3179539062873
"174","E02006728","Redditch 008",-1.96701910078319,52.2965490848988
"175","E02006729","Redditch 009",-1.8929934477132,52.2941343051279
"176","E02001956","Birmingham 130",-2.00733181319384,52.3928534990645
"177","E02001957","Birmingham 131",-1.9691071721599,52.3922885810111
"178","E02001954","Birmingham 128",-1.93481463152692,52.3967879350644
"179","E02001955","Birmingham 129",-1.99506048743781,52.3940061253927
"180","E02001952","Birmingham 126",-1.96083150520997,52.4021384418388
"181","E02001953","Birmingham 127",-1.94499002114718,52.4013785806966
"182","E02001950","Birmingham 124",-1.97959131566108,52.4038334599111
"183","E02001951","Birmingham 125",-2.01823005932357,52.4029542866172
"184","E02001958","Coventry 001",-1.48274453778307,52.4505965080623
"185","E02001959","Coventry 002",-1.51953348629818,52.4473124826132
"186","E02006130","Cannock Chase 013",-1.969103334683,52.6720547722139
"187","E02001866","Birmingham 040",-1.91156322504159,52.5033729669637
"188","E02001867","Birmingham 041",-1.89622590788582,52.5018277340094
"189","E02001864","Birmingham 038",-1.80623339914649,52.5051664384055
"190","E02001865","Birmingham 039",-1.93291288679483,52.5047728668408
"191","E02001862","Birmingham 036",-1.95086978687563,52.5074560407318
"192","E02001863","Birmingham 037",-1.88662759484917,52.5067366184385
"193","E02001860","Birmingham 034",-1.94066897330389,52.5120338836279
"194","E02001861","Birmingham 035",-1.90850501492065,52.5107790346053
"195","E02001868","Birmingham 042",-1.80975152323897,52.4976582577379
"196","E02001869","Birmingham 043",-1.87210846268221,52.4951346315055
"197","E02002036","Dudley 037",-2.11226407864945,52.4513038077153
"198","E02002037","Dudley 038",-2.16605358153823,52.450450770586
"199","E02002034","Dudley 035",-2.15305055072302,52.4556362496742
"200","E02002035","Dudley 036",-2.02128772318775,52.4528722207806
"201","E02002032","Dudley 033",-2.08298610305088,52.4580765295026
"202","E02002033","Dudley 034",-2.0611754001387,52.4560077549552
"203","E02002030","Dudley 031",-2.1402274874128,52.4613990903886
"204","E02002031","Dudley 032",-2.10118226044636,52.4606142468214
"205","E02002038","Dudley 039",-2.0558292465454,52.446870429827
"206","E02002039","Dudley 040",-2.13366516439579,52.4469226558921
"207","E02006186","South Staffordshire 013",-2.20041154293796,52.5328399936348
"208","E02006185","South Staffordshire 012",-2.19229162502519,52.5330632287416
"209","E02002097","Solihull 017",-1.66101778894399,52.4289303002876
"210","E02006217","Tamworth 001",-1.70043931277506,52.6465525455861
"211","E02002141","Walsall 032",-1.89010396475466,52.5742126741134
"212","E02002136","Walsall 027",-2.04293525849748,52.5840535787541
"213","E02001974","Coventry 017",-1.53902921985054,52.4185683765296
"214","E02006154","Lichfield 009",-1.91481778964124,52.6776787962748
"215","E02006152","Lichfield 007",-1.83547988266133,52.6798609316325
"216","E02004128","South Derbyshire 011",-1.59143125861123,52.7452886181098
"217","E02005377","Hinckley and Bosworth 001",-1.28069847096596,52.6838714108643
"218","E02005344","Blaby 012",-1.28218320748877,52.5435663293963
"219","E02006733","Redditch 013",-1.94325738849958,52.2640220892792
"220","E02006730","Redditch 010",-1.92114906348044,52.286922378487
"221","E02006731","Redditch 011",-1.93801935078668,52.2843126911637
"222","E02002166","Wolverhampton 018",-2.09643466875794,52.5848820948079
"223","E02002167","Wolverhampton 019",-2.1855024187775,52.5824316664559
"224","E02002164","Wolverhampton 016",-2.13525835144574,52.5944193873835
"225","E02002165","Wolverhampton 017",-2.14816831193801,52.5903745545995
"226","E02002162","Wolverhampton 014",-2.1784452659057,52.5966706466013
"227","E02002163","Wolverhampton 015",-2.10502227725534,52.5961713297631
"228","E02002160","Wolverhampton 012",-2.07097989386218,52.6002907082426
"229","E02002161","Wolverhampton 013",-2.14476406741606,52.5988170349951
"230","E02002168","Wolverhampton 020",-2.14113088483213,52.5792393967933
"231","E02002169","Wolverhampton 021",-2.16402275463578,52.5784877385873
"232","E02001926","Birmingham 100",-1.92136431576372,52.4360597268387
"233","E02001927","Birmingham 101",-1.97194950839733,52.4352863968718
"234","E02001924","Birmingham 098",-1.83570571166121,52.4368506847022
"235","E02001925","Birmingham 099",-1.94840359433253,52.4378734615634
"236","E02001922","Birmingham 096",-1.93157202732015,52.4425703075712
"237","E02001923","Birmingham 097",-1.85316987186007,52.4406569763458
"238","E02001920","Birmingham 094",-1.99591410431445,52.4447029235285
"239","E02001921","Birmingham 095",-1.96691514248557,52.4446265477377
"240","E02006187","South Staffordshire 014",-2.2296701285727,52.4529545553414
"241","E02006184","South Staffordshire 011",-2.19799876038048,52.5935706491224
"242","E02006183","South Staffordshire 010",-2.21182953566365,52.5961787070492
"243","E02006182","South Staffordshire 009",-2.19642091599177,52.6256646182886
"244","E02001928","Birmingham 102",-2.00884916607466,52.4353150310275
"245","E02006181","South Staffordshire 008",-2.18371197324986,52.6272842301416
"246","E02001929","Birmingham 103",-1.82312391548227,52.4345827921398
"247","E02006180","South Staffordshire 007",-2.05890165411147,52.6295058466323
"248","E02001876","Birmingham 050",-1.89208515986971,52.4879826294499
"249","E02001877","Birmingham 051",-1.84686088772138,52.4891249659074
"250","E02001874","Birmingham 048",-1.84751483624069,52.4949928912257
"251","E02001875","Birmingham 049",-1.91032494385055,52.4949445149168
"252","E02001872","Birmingham 046",-1.76824929242794,52.4967468271369
"253","E02001873","Birmingham 047",-1.93108813544237,52.4959639009148
"254","E02001870","Birmingham 044",-1.82699054691517,52.4954811561855
"255","E02001871","Birmingham 045",-1.78873853510989,52.4976501562182
"256","E02001878","Birmingham 052",-1.85911499648912,52.4870805853287
"257","E02001879","Birmingham 053",-1.9419867692384,52.4866919326327
"258","E02002006","Dudley 007",-2.12037515284232,52.5227623563622
"259","E02002087","Solihull 007",-1.75235463671445,52.4793574966164
"260","E02002007","Dudley 008",-2.13466419921076,52.5208224349932
"261","E02002086","Solihull 006",-1.73934822780955,52.4814258957076
"262","E02002004","Dudley 005",-2.10902979418376,52.5308814599644
"263","E02002085","Solihull 005",-1.75253747303832,52.4909647432847
"264","E02002005","Dudley 006",-2.09039146358175,52.5223859900866
"265","E02002084","Solihull 004",-1.74608000616827,52.4981126836714
"266","E02002002","Dudley 003",-2.13089271665174,52.541613659377
"267","E02002083","Solihull 003",-1.76433602192504,52.5053282163299
"268","E02002003","Dudley 004",-2.09529742032483,52.5393674752764
"269","E02002082","Solihull 002",-1.75226451013767,52.5071695521358
"270","E02002000","Dudley 001",-2.07919648716966,52.5459594431337
"271","E02002081","Solihull 001",-1.77927996647311,52.5068684112853
"272","E02002001","Dudley 002",-2.1181704122977,52.5445275779465
"273","E02002080","Sandwell 038",-2.07278980329384,52.4684086472934
"274","E02002008","Dudley 009",-2.10928101579227,52.5168848349622
"275","E02002089","Solihull 009",-1.74564789124677,52.4683982288383
"276","E02002009","Dudley 010",-2.06708508740207,52.5088972839617
"277","E02002088","Solihull 008",-1.72950355312491,52.4767077265245
"278","E02006468","North Warwickshire 001",-1.61240464158502,52.620452865739
"279","E02006469","North Warwickshire 002",-1.62762886089323,52.5874616696708
"280","E02006706","Bromsgrove 011",-2.06823014637897,52.3345112415896
"281","E02006707","Bromsgrove 012",-2.04729060830811,52.3297898449902
"282","E02006704","Bromsgrove 009",-1.96196523872654,52.3522100838999
"283","E02006705","Bromsgrove 010",-2.0623160981689,52.344231039584
"284","E02006702","Bromsgrove 007",-2.0557826117233,52.3647751622955
"285","E02006703","Bromsgrove 008",-2.04178549271099,52.354572384179
"286","E02006700","Bromsgrove 005",-1.87691198584438,52.3837148776164
"287","E02006701","Bromsgrove 006",-1.99968645413939,52.3673606721021
"288","E02006780","Wyre Forest 014",-2.28960799178316,52.3282435887419
"289","E02006708","Bromsgrove 013",-2.06825692807182,52.3226306313491
"290","E02006709","Bromsgrove 014",-2.06541307491766,52.3158558798727
"291","E02002176","Wolverhampton 028",-2.17321099890403,52.5680424319899
"292","E02002177","Wolverhampton 029",-2.10081017322022,52.5680274675936
"293","E02002174","Wolverhampton 026",-2.15237867953586,52.5699628703944
"294","E02002175","Wolverhampton 027",-2.06733389017207,52.5689833562835
"295","E02002170","Wolverhampton 022",-2.06747775166371,52.5778007761695
"296","E02002171","Wolverhampton 023",-2.08263355211415,52.5774372028303
"297","E02002178","Wolverhampton 030",-2.13417471712541,52.5644935590956
"298","E02002179","Wolverhampton 031",-2.16053868416776,52.5601271387888
"299","E02001936","Birmingham 110",-1.89827805847377,52.4243683910299
"300","E02001937","Birmingham 111",-1.87211397668409,52.4237117382728
"301","E02001934","Birmingham 108",-1.83979270089688,52.4268674091273
"302","E02001935","Birmingham 109",-1.96854672915223,52.4254744398162
"303","E02001932","Birmingham 106",-1.98565995391752,52.4299261263487
"304","E02001933","Birmingham 107",-1.91085691147902,52.4286697067478
"305","E02001930","Birmingham 104",-1.89014270186438,52.4335623225054
"306","E02001931","Birmingham 105",-1.85890809706877,52.4298836212714
"307","E02001938","Birmingham 112",-1.92799759415876,52.4239978248966
"308","E02001939","Birmingham 113",-1.95294252032913,52.4234351799462
"309","E02001846","Birmingham 020",-1.85273042534437,52.5329642831524
"310","E02001847","Birmingham 021",-1.79020697895369,52.5322985793104
"311","E02001844","Birmingham 018",-1.83700437471837,52.538407981513
"312","E02001845","Birmingham 019",-1.9054361134914,52.5368805839058
"313","E02005387","Hinckley and Bosworth 011",-1.39337072720864,52.5427205043807
"314","E02001842","Birmingham 016",-1.92223581767395,52.5406312853083
"315","E02005386","Hinckley and Bosworth 010",-1.37042454355027,52.5456193031999
"316","E02001843","Birmingham 017",-1.8878679685084,52.5400378947537
"317","E02005385","Hinckley and Bosworth 009",-1.36186388230387,52.5529872662577
"318","E02001840","Birmingham 014",-1.86761748434736,52.5419947705885
"319","E02005384","Hinckley and Bosworth 008",-1.41559673683243,52.5691430509394
"320","E02001841","Birmingham 015",-1.82333275168049,52.5414174509872
"321","E02005383","Hinckley and Bosworth 007",-1.34424015768952,52.5701491310226
"322","E02005382","Hinckley and Bosworth 006",-1.31482053155005,52.5742183892345
"323","E02005381","Hinckley and Bosworth 005",-1.3065696097003,52.6251743427451
"324","E02005380","Hinckley and Bosworth 004",-1.40415029331468,52.637740931719
"325","E02005389","Hinckley and Bosworth 013",-1.35663435994495,52.5339132480768
"326","E02005388","Hinckley and Bosworth 012",-1.38450119525882,52.5373836526729
"327","E02001848","Birmingham 022",-1.87663080381346,52.5300881705331
"328","E02005406","North West Leicestershire 010",-1.36953394142567,52.7210119193927
"329","E02001849","Birmingham 023",-1.83923219213953,52.5298621447815
"330","E02005404","North West Leicestershire 008",-1.52795197643459,52.7388412763534
"331","E02002016","Dudley 017",-2.12875235739888,52.4933534744252
"332","E02005405","North West Leicestershire 009",-1.33369292312553,52.7228884630459
"333","E02002017","Dudley 018",-2.07741185579619,52.4901750687903
"334","E02002096","Solihull 016",-1.77951866460835,52.4221818734206
"335","E02005402","North West Leicestershire 006",-1.47971558011798,52.7432782057259
"336","E02002014","Dudley 015",-2.07534239554634,52.5012204539533
"337","E02002095","Solihull 015",-1.76408187745098,52.428328780646
"338","E02005403","North West Leicestershire 007",-1.35449447566816,52.7382332226072
"339","E02002015","Dudley 016",-2.14561372600745,52.4974126129338
"340","E02002094","Solihull 014",-1.8012952591744,52.4299323675917
"341","E02002012","Dudley 013",-2.11347713403512,52.5043835144778
"342","E02002093","Solihull 013",-1.81106912263176,52.4359469197978
"343","E02002013","Dudley 014",-2.17940561505345,52.5029633904859
"344","E02005401","North West Leicestershire 005",-1.40717357350948,52.7454370178199
"345","E02002092","Solihull 012",-1.79160372575491,52.4416385976922
"346","E02002010","Dudley 011",-2.09640626804624,52.5095938256989
"347","E02005408","North West Leicestershire 012",-1.50964071362477,52.7025622376793
"348","E02002091","Solihull 011",-1.77528844893475,52.4458195810192
"349","E02005409","North West Leicestershire 013",-1.39680659669706,52.6914582896053
"350","E02002011","Dudley 012",-2.16667589406275,52.5051279589144
"351","E02002090","Solihull 010",-1.79709656751554,52.4508848640568
"352","E02002018","Dudley 019",-2.16738192529297,52.4898496057661
"353","E02002099","Solihull 019",-1.79353952735896,52.4133053238073
"354","E02002019","Dudley 020",-2.08668518980915,52.4845422216679
"355","E02002098","Solihull 018",-1.81910749222534,52.4129233427481
"356","E02006218","Tamworth 002",-1.70042239367929,52.6383221419949
"357","E02006219","Tamworth 003",-1.65595733093141,52.6326421557087
"358","E02006526","Warwick 008",-1.57820589075243,52.2938349312646
"359","E02006527","Warwick 009",-1.54758232603096,52.2924129943973
"360","E02006524","Warwick 006",-1.51625424049246,52.3008723320929
"361","E02006525","Warwick 007",-1.5303226478064,52.2987623322195
"362","E02006522","Warwick 004",-1.69545442350452,52.3269660627796
"363","E02006523","Warwick 005",-1.5030581314659,52.3122128694939
"364","E02006520","Warwick 002",-1.5628914476051,52.3493471176029
"365","E02006521","Warwick 003",-1.57667471615115,52.3370892024502
"366","E02006528","Warwick 010",-1.52207373095516,52.284319534591
"367","E02006529","Warwick 011",-1.59436471840137,52.2824720477652
"368","E02006476","Nuneaton and Bedworth 002",-1.50407154196017,52.5324030514219
"369","E02006477","Nuneaton and Bedworth 003",-1.44430457840929,52.5281328979391
"370","E02006474","North Warwickshire 007",-1.58481914315054,52.4991797259865
"371","E02006475","Nuneaton and Bedworth 001",-1.45765472489679,52.5347327797144
"372","E02006472","North Warwickshire 005",-1.53197314065149,52.5417672729233
"373","E02006473","North Warwickshire 006",-1.71431034148292,52.5055107727106
"374","E02006470","North Warwickshire 003",-1.54276927370035,52.5758016734772
"375","E02006471","North Warwickshire 004",-1.68522192164663,52.5640321832502
"376","E02006478","Nuneaton and Bedworth 004",-1.52040176242272,52.5267875008295
"377","E02006479","Nuneaton and Bedworth 005",-1.47593764652636,52.5235188347136
"378","E02005390","Hinckley and Bosworth 014",-1.36178872622763,52.5263144846617
"379","E02006711","Malvern Hills 002",-2.31306966635742,52.265563832783
"380","E02002146","Walsall 037",-1.97525688745932,52.5641643848239
"381","E02002147","Walsall 038",-2.04642514581559,52.5622722267608
"382","E02002144","Walsall 035",-1.94836732240331,52.5706752534109
"383","E02002145","Walsall 036",-2.03952259480507,52.5711275889311
"384","E02002142","Walsall 033",-2.0276853664221,52.5708602347989
"385","E02002143","Walsall 034",-1.98588392546315,52.5727599935319
"386","E02002140","Walsall 031",-2.0031105311744,52.5742717940195
"387","E02005407","North West Leicestershire 011",-1.3693728175523,52.7157360804901
"388","E02002148","Walsall 039",-1.90868817358912,52.558349587128
"389","E02001906","Birmingham 080",-1.99723448394488,52.4577526656147
"390","E02001987","Coventry 030",-1.53201188963923,52.4050476461574
"391","E02002149","Wolverhampton 001",-2.11882156906626,52.626079960663
"392","E02001907","Birmingham 081",-1.77722646931251,52.4563016463209
"393","E02001986","Coventry 029",-1.58119998516803,52.4058557286053
"394","E02001904","Birmingham 078",-1.82546409505912,52.4608717655168
"395","E02001985","Coventry 028",-1.49309454320285,52.4056788444014
"396","E02001905","Birmingham 079",-1.924835752547,52.4587786955738
"397","E02001984","Coventry 027",-1.47423454712376,52.4067031506261
"398","E02001902","Birmingham 076",-1.80541506562246,52.4598024566472
"399","E02001983","Coventry 026",-1.54866069551006,52.4087781363446
"400","E02001903","Birmingham 077",-1.86911613533889,52.4600164378835
"401","E02001982","Coventry 025",-1.59422701258272,52.4139025303168
"402","E02001900","Birmingham 074",-1.90536324831432,52.4621718159157
"403","E02006732","Redditch 012",-1.95090214227922,52.2823181366101
"404","E02001981","Coventry 024",-1.49517787992595,52.4141012107772
"405","E02001901","Birmingham 075",-1.95395836979786,52.4604243401787
"406","E02001980","Coventry 023",-1.57241775038392,52.4154855302618
"407","E02006900","Birmingham 139",-1.85075073460889,52.4735468144583
"408","E02006901","Birmingham 140",-1.85923940975015,52.449152272744
"409","E02001908","Birmingham 082",-1.8644248152843,52.4560424010904
"410","E02001989","Coventry 032",-1.5659359958809,52.4033316349196
"411","E02001909","Birmingham 083",-1.8784146056462,52.4558193205676
"412","E02001988","Coventry 031",-1.51671686286496,52.4049182861297
"413","E02001856","Birmingham 030",-1.86230688542397,52.5172197037128
"414","E02001857","Birmingham 031",-1.84550109077404,52.5150150054681
"415","E02001854","Birmingham 028",-1.82721805922965,52.5186586586246
"416","E02001855","Birmingham 029",-1.78830767389018,52.5190565397534
"417","E02001852","Birmingham 026",-1.85946317621181,52.5256452676568
"418","E02001850","Birmingham 024",-1.91678859045212,52.5300525280166
"419","E02001851","Birmingham 025",-1.81303313453179,52.5243273025046
"420","E02001858","Birmingham 032",-1.92529491744431,52.5140792482733
"421","E02001859","Birmingham 033",-1.89433931130098,52.5118830882386
"422","E02006532","Warwick 014",-1.61637338639737,52.278435695944
"423","E02006533","Warwick 015",-1.52624567924321,52.2668436605735
"424","E02006530","Warwick 012",-1.56531954435622,52.2812533170761
"425","E02006531","Warwick 013",-1.53148865059555,52.2790551536523
"426","E02002156","Wolverhampton 008",-2.09339887099127,52.6095820715413
"427","E02002157","Wolverhampton 009",-2.1586074799567,52.6078242860665
"428","E02002154","Wolverhampton 006",-2.13424544113136,52.6131820349912
"429","E02002155","Wolverhampton 007",-2.11533111288704,52.6116350237257
"430","E02002152","Wolverhampton 004",-2.1002283850103,52.6162073181588
"431","E02002153","Wolverhampton 005",-2.05978522042132,52.6155296687209
"432","E02002150","Wolverhampton 002",-2.13515026305323,52.6240301359399
"433","E02002151","Wolverhampton 003",-2.15369358766513,52.6207854220356
"434","E02002158","Wolverhampton 010",-2.06746450851704,52.6072326819165
"435","E02001916","Birmingham 090",-1.83729261745864,52.4478229288697
"436","E02001997","Coventry 040",-1.50945450266692,52.382343867264
"437","E02002159","Wolverhampton 011",-2.1123782067693,52.6041834502371
"438","E02001996","Coventry 039",-1.46472971435212,52.3862422051128
"439","E02001914","Birmingham 088",-1.89731021328629,52.4529585979722
"440","E02001995","Coventry 038",-1.483754301721,52.389307051545
"441","E02001915","Birmingham 089",-1.81690500995034,52.4501050741654
"442","E02001994","Coventry 037",-1.50458129480917,52.3925998186174
"443","E02001993","Coventry 036",-1.57786871334728,52.3936861900619
"444","E02001913","Birmingham 087",-1.95009138170944,52.4510784217664
"445","E02001992","Coventry 035",-1.45927234112471,52.3934416946226
"446","E02001910","Birmingham 084",-1.88686685025324,52.4560208754679
"447","E02001991","Coventry 034",-1.53208684606719,52.3976684736157
"448","E02001911","Birmingham 085",-1.98034669909,52.4553942296951
"449","E02001990","Coventry 033",-1.44668023942116,52.4020022508247
"450","E02001918","Birmingham 092",-1.88700811987943,52.4467738972969
"451","E02001999","Coventry 042",-1.54832198220403,52.3710599910659
"452","E02001919","Birmingham 093",-1.87359677308132,52.4456360526636
"453","E02001998","Coventry 041",-1.52469099094292,52.3821982480032
"454","E02002066","Sandwell 024",-2.00011264142577,52.4952773520378
"455","E02002067","Sandwell 025",-2.06014781321789,52.4927109586006
"456","E02002064","Sandwell 022",-2.04510826355242,52.5041301132872
"457","E02002065","Sandwell 023",-1.97972385976693,52.4985347219694
"458","E02002062","Sandwell 020",-1.98719009395546,52.5119552667602
"459","E02002063","Sandwell 021",-2.04376103273997,52.5130124075101
"460","E02002060","Sandwell 018",-2.01392624734451,52.5207000320925
"461","E02002061","Sandwell 019",-2.00347761644741,52.5173471176967
"462","E02002068","Sandwell 026",-1.95674190118317,52.4889957236724
"463","E02002069","Sandwell 027",-2.03107898875199,52.4889766742881
"464","E02001827","Birmingham 001",-1.84625612162936,52.5975806442481
"465","E02001828","Birmingham 002",-1.83358549242197,52.5903778013785
"466","E02001829","Birmingham 003",-1.81467427719002,52.5878463623466
"467","E02006009","Shropshire 027",-2.28404324802863,52.6369559410943
"468","E02006506","Stratford-on-Avon 003",-1.89844092740071,52.2695620477381
"469","E02006507","Stratford-on-Avon 004",-1.3857026448475,52.2543609518762
"470","E02006504","Stratford-on-Avon 001",-1.84810507771655,52.3287848338659
"471","E02006505","Stratford-on-Avon 002",-1.77277856177486,52.2868482245148
"472","E02006502","Rugby 011",-1.28092335789194,52.3587834614595
"473","E02006503","Rugby 012",-1.31349692488436,52.3339956681587
"474","E02006500","Rugby 009",-1.263948807819,52.3622553500707
"475","E02006767","Wyre Forest 001",-2.22371282752288,52.4122310225055
"476","E02006768","Wyre Forest 002",-2.26433887562874,52.3986918160542
"477","E02006769","Wyre Forest 003",-2.23216650197676,52.3954471829204
"478","E02006176","South Staffordshire 003",-2.20051497752712,52.6919266484964
"479","E02006177","South Staffordshire 004",-2.02653722455951,52.6630867828845
"480","E02006174","South Staffordshire 001",-2.10979675898832,52.7226152953966
"481","E02006175","South Staffordshire 002",-2.04062902054934,52.7079840894957
"482","E02002126","Walsall 017",-2.00142223204269,52.6064846463667
"483","E02002127","Walsall 018",-1.98227827599633,52.5994996984679
"484","E02002124","Walsall 015",-1.92039473802614,52.6087708769954
"485","E02002125","Walsall 016",-1.95405250543009,52.6082257000008
"486","E02002122","Walsall 013",-1.98541475010457,52.6085490021165
"487","E02002123","Walsall 014",-2.03791459907545,52.6093363468323
"488","E02002120","Walsall 011",-2.04323856108182,52.615696660608
"489","E02006178","South Staffordshire 005",-2.01756431494003,52.6553246904746
"490","E02002121","Walsall 012",-1.99303028638965,52.6148783086615
"491","E02006179","South Staffordshire 006",-2.11024256480786,52.6506457198369
"492","E02002128","Walsall 019",-2.03364635242762,52.599839358802
"493","E02002129","Walsall 020",-2.04529301803663,52.5995909830546
"494","E02002076","Sandwell 034",-1.97440243270073,52.4768009528878
"495","E02002077","Sandwell 035",-2.06487520385012,52.4737467615499
"496","E02002074","Sandwell 032",-1.99702315731372,52.4813146987488
"497","E02002075","Sandwell 033",-2.04155972304871,52.4781079612409
"498","E02002072","Sandwell 030",-2.01175415074219,52.4863478268054
"499","E02002073","Sandwell 031",-1.98482915373976,52.4853686382433
"500","E02002070","Sandwell 028",-1.97139680225439,52.488878217307
"501","E02002071","Sandwell 029",-2.04347541389961,52.4861853687298
"502","E02002078","Sandwell 036",-1.99263728676282,52.4709725968327
"503","E02002079","Sandwell 037",-2.00610754026332,52.4688782021251
"504","E02001836","Birmingham 010",-1.85361680163625,52.5486832400537
"505","E02001837","Birmingham 011",-1.87802382217229,52.5470888567383
"506","E02001834","Birmingham 008",-1.89150275849952,52.5559151271062
"507","E02001835","Birmingham 009",-1.82405632039353,52.5552717379532
"508","E02001832","Birmingham 006",-1.80597746148535,52.5576529043306
"509","E02001833","Birmingham 007",-1.8787103690964,52.5583557928804
"510","E02001830","Birmingham 004",-1.8277037844331,52.5722356911597
"511","E02001831","Birmingham 005",-1.79449703397881,52.5648534732121
"512","E02001838","Birmingham 012",-1.7919137089069,52.5439481064913
"513","E02001839","Birmingham 013",-1.89767151899933,52.5446652482734
"514","E02006519","Warwick 001",-1.58181067049049,52.3495543493421
"515","E02006776","Wyre Forest 010",-2.23544459410164,52.3697001733131
"516","E02006777","Wyre Forest 011",-2.33169991446196,52.3725834308109
"517","E02006774","Wyre Forest 008",-2.26293069079106,52.3814697814178
"518","E02006775","Wyre Forest 009",-2.26864280502521,52.3711970395354
"519","E02006772","Wyre Forest 006",-2.27371990344841,52.3887199801039
"520","E02006773","Wyre Forest 007",-2.22870989601369,52.3856073049681
"521","E02006770","Wyre Forest 004",-2.24419146895671,52.3931995757946
"522","E02006771","Wyre Forest 005",-2.30725375964421,52.3810773190477
"523","E02006778","Wyre Forest 012",-2.28627907815168,52.3503835409024
"524","E02006779","Wyre Forest 013",-2.27335520443465,52.3409712109868
"525","E02006697","Bromsgrove 002",-2.08801411083671,52.3959931863482
"526","E02006696","Bromsgrove 001",-2.14372252675925,52.4199694687308
"527","E02006699","Bromsgrove 004",-1.87881892774343,52.3901904823599
